매장,주소,지역
뚜레쥬르 강릉합동마트,강원특별자치도 강릉시 경강로2224번길 12-1 (포남동) 1층 뚜레쥬르,강원도
뚜레쥬르 강릉중앙시장,강원특별자치도 강릉시 곶감전길 1-1 (성남동),강원도
뚜레쥬르 강릉교동,강원특별자치도 강릉시 교동광장로 139 (교동) 뚜레쥬르 강릉교동점,강원도
뚜레쥬르 강릉내곡,강원특별자치도 강릉시 범일로 653 (내곡동),강원도
뚜레쥬르 강릉유천하나로,강원특별자치도 강릉시 선수촌로 63번길 14-8,강원도
뚜레쥬르 강릉입암,강원특별자치도 강릉시 성덕포남로 53 (입암동),강원도
뚜레쥬르 강릉강일,강원특별자치도 강릉시 율곡로 2939-1(교동),강원도
뚜레쥬르 주문진,강원특별자치도 강릉시 주문진읍 주문로 107,강원도
뚜레쥬르 강릉포남동,강원특별자치도 강릉시 하평길 46 (포남동),강원도
뚜레쥬르 동해,강원특별자치도 동해시 천곡로 49 (천곡동) 1층 뚜레쥬르,강원도
뚜레쥬르 삼척교동,강원특별자치도 삼척시 청석로 63-0 (교동),강원도
뚜레쥬르 속초조양,"강원특별자치도 속초시 온정로 25 (조양동,속초조양LH천년나무3단지아파트) 상가 101호,",강원도
뚜레쥬르 양구,강원특별자치도 양구군 양구읍 중앙길 18,강원도
뚜레쥬르 양양,강원특별자치도 양양군 양양읍 남문3길 11-2,강원도
뚜레쥬르 영월중앙,강원특별자치도 영월군 영월읍 중앙로 36,강원도
뚜레쥬르 영월하송,강원특별자치도 영월군 영월읍 하송로 115,강원도
뚜레쥬르 원주단관택지,강원특별자치도 원주시 단구로 374,강원도
뚜레쥬르 원주문막극동,강원특별자치도 원주시 문막읍 건등로 67-1,강원도
뚜레쥬르 원주문막,강원특별자치도 원주시 문막읍 왕건로 52,강원도
뚜레쥬르 원주봉화산,강원특별자치도 원주시 백간공원길 22 (단계동),강원도
매일산업강원,"강원특별자치도 원주시 봉화로 22 (단계동,더파크타워) 5층 501호",강원도
뚜레쥬르 원주단구,강원특별자치도 원주시 서원대로 402 (단구동),강원도
뚜레쥬르 원주연세대,강원특별자치도 원주시 연세대길 1-0 연세대길 1,강원도
뚜레쥬르 원주상지대,강원특별자치도 원주시 우산로 71 (우산동),강원도
뚜레쥬르 원주중앙,강원특별자치도 원주시 원일로 114 (중앙동),강원도
뚜레쥬르 원주기업도시,"강원특별자치도 원주시 지정면 신지정로 322 (가곡리) 322-1 113호,114호",강원도
뚜레쥬르 원주관설,강원특별자치도 원주시 치악고교길 21,강원도
뚜레쥬르 원주봉산,강원특별자치도 원주시 행구로 79 (봉산동) 1층 뚜레쥬르,강원도
뚜레쥬르 원주혁신,강원특별자치도 원주시 혁신로 37-3,강원도
뚜레쥬르 원주태장,강원특별자치도 원주시 현충로58번길 42 (태장동),강원도
뚜레쥬르 원주흥업,강원특별자치도 원주시 흥업면 남원로 72,강원도
뚜레쥬르 춘천효자,강원특별자치도 춘천시 공지로 240 (효자동) 1층 뚜레쥬르,강원도
뚜레쥬르 춘천강북벨몽드,강원특별자치도 춘천시 사우4길 36 (사농동) 1층,강원도
뚜레쥬르 춘천한림대,강원특별자치도 춘천시 삭주로 76 (교동) 76,강원도
뚜레쥬르 춘천퇴계중앙,강원특별자치도 춘천시 퇴계로 146 1층 뚜레쥬르,강원도
뚜레쥬르 남춘천,강원특별자치도 춘천시 행촌로 27 (퇴계동) 1층 뚜레쥬르,강원도
뚜레쥬르 춘천후평,강원특별자치도 춘천시 후석로 312 (후평동) 1층,강원도
뚜레쥬르 태백상장,강원특별자치도 태백시 감천로 6 감천로 6,강원도
뚜레쥬르 진부중앙,강원특별자치도 평창군 진부면 경강로 3615-1,강원도
뚜레쥬르 홍천연봉,강원특별자치도 홍천군 연봉로 32 강원 홍천군 홍천읍 연봉리 476-1번지,강원도
뚜레쥬르 홍천갈마,"강원특별자치도 홍천군 홍천읍 갈마로 16 (갈마곡리,주공1차아파트) 주공1차아파트 상가동 103호,",강원도
뚜레쥬르 화천2호,강원특별자치도 화천군 화천읍 중앙로 20,강원도
뚜레쥬르 횡성,강원특별자치도 횡성군 횡성읍 문정로 20 (읍하리) 뚜레쥬르 횡성점,강원도
