매장,지역,주소
비앤비파트너스,,서울특별시 송파구 가락로 94 (석촌동) 일신빌딩 6층
뚜레쥬르 포항창포아이파크,,"경상북도 포항시 북구 새천년대로1076번길 21 (두호동,효암빌딩) 1층"
뚜레쥬르 해운대센트럴푸르지오,,"부산광역시 해운대구 해운대로 650 (해운대센트럴푸르지오,상가동) 123호,124호"
뚜레쥬르 부산괴정역,,부산광역시 사하구 낙동대로 225-1 (괴정동) 225-1
뚜레쥬르 충주터미널,,"충청북도 충주시 계명대로 19 (칠금동,남영빌딩) 1층 뚜레쥬르"
뚜레쥬르 오산원당초교,,경기도 오산시 원동 704-7 1층
뚜레쥬르 거제고현,,경상남도 거제시 거제중앙로 1845 (고현동) 1층
뚜레쥬르 카페서울대입구역,,서울특별시 관악구 남부순환로 1830 (봉천동) 1층
뚜레쥬르 인천옥련,,"인천광역시 연수구 독배로 49 (옥련동,럭키빌딩) 1층 뚜레쥬르 인천옥련"
뚜레쥬르 세종첫마을,,세종특별자치시 노을3로 84 1층 뚜레쥬르
뚜레쥬르 일산동국대병원점,,"경기도 고양시 일산동구 동국로 27 (식사동,동국대학교일산병원(일산한방병원)) 1층"
뚜레쥬르 여주역푸르지오,,경기도 여주시 세종로 222-4
뚜레쥬르 상암DMC,,"서울특별시 마포구 월드컵북로 396 (상암동,누리꿈스퀘어) 1층 R119"
뚜레쥬르 영등포시장역,,"서울특별시 영등포구 국회대로50길 20 (영등포동7가,포레나영등포센트럴) 1층"
뚜레쥬르 사천공군,,경상남도 사천시 사천읍 사천대로 1891-46 (사주리) 와룡스포츠센터1층
뚜레쥬르 서충주파라뷰,,충청북도 충주시 주덕읍 화개2길 3 뚜레쥬르 서충주파라뷰
뚜레쥬르 화성시청,,"경기도 화성시 남양읍 시청로 115 (남양리) 101,102호"
뚜레쥬르 경북군위,,대구광역시 군위군 군위읍 중앙길 22 (서부리) 1층 뚜레쥬르
뚜레쥬르 마석창현,,경기도 남양주시 화도읍 창현리 555
뚜레쥬르 양주덕계역,,"경기도 양주시 덕계4로 24 106,107호"
뚜레쥬르 용현자이크레스트,,"인천광역시 미추홀구 독배로 379 (용현동,황룡빌딩) 독배로 383, 자이타워 1층 114"
뚜레쥬르 강남직영점,,"서울특별시 강남구 강남대로 438 (역삼동,스타플렉스) 1층"
뚜레쥬르 옥정한신더휴,,"경기도 양주시 옥정서로1길 65 ,상가동 107,108호(옥정동, 양주옥정신도시한신더휴)"
뚜레쥬르 여수쌍봉,,전라남도 여수시 쌍봉로 27-2 (학동) 1층 뚜레쥬르
뚜레쥬르 봉담프라이드시티,,경기도 화성시 봉담읍 내리 537-1 힐스테이트 113호
뚜레쥬르 구리인창삼보,,"경기도 구리시 건원대로 56 단지상가동 117,118호 1층 뚜레쥬르"
뚜레쥬르 발산마곡,,"서울특별시 강서구 공항대로 261 (마곡동,발산파크프라자) 117호,118호"
뚜레쥬르 파주운정산내,,"경기도 파주시 교하로 83 동광프라자 103,104,105"
뚜레쥬르 서울시청역,,"서울특별시 중구 서소문로 116 (서소문동,유원빌딩) 1층"
뚜레쥬르 용인죽전,,"경기도 용인시 수지구 현암로 136,103,104,105호(죽전동,세종프라자)"
뚜레쥬르 동대구더샵디어엘로,,"대구광역시 동구 화랑로 33 더샵디어엘로 상가동 301동 107,108호"
뚜레쥬르 용인죽전,,"경기도 용인시 수지구 현암로 136,103,104,105호(죽전동,세종프라자)"
뚜레쥬르 세종새롬,,"세종시 새롬중앙로 33 새뜸프라자 1층 105,106,107호"
뚜레쥬르 부산대연,,"부산광역시 남구 유엔로 81 (대연동,대원연립) 대연푸르지오클라센트아파트 114동 1호"
뚜레쥬르 연수무지개,,"인천광역시 연수구 원인재로 14 (동춘동,무지개마을아파트) 1층 뚜레쥬르"
뚜레쥬르 부천고강,,경기도 부천시 오정구 역곡로 479 1층 뚜레쥬르
뚜레쥬르 부산레이카운티,,부산광역시 연제구 금용로11번길 1 (거제동) 2층
뚜레쥬르 만촌무열로,,대구광역시 수성구 무열로 35 (만촌동) 1층 뚜레쥬르 만촌무열로
뚜레쥬르 당진푸르지오,,"충청남도 당진시 북문로 7-3 (읍내동,동문) 1층 뚜레쥬르"
뚜레쥬르 용인둔전,,경기도 용인시 처인구 포곡읍 포곡로118번길 2 (둔전리) 1층 뚜레쥬르
뚜레쥬르 전주아중,,전북특별자치도 전주시 덕진구 석소로 58 (우아동2가) 뚜레쥬르
뚜레쥬르 삼성DSR,,"경기도 화성시 삼성전자로1 1층 (반월동, 삼성부품연구동)"
뚜레쥬르 아산북수,,"충청남도 아산시 배방읍 북수로 102 (북수리,뚜레쥬르) 1층 뚜레쥬르"
뚜레쥬르 일산라페스타,,"경기도 고양시 일산동구 무궁화로 31-2 (장항동,풍성프라자) 103호, 104호"
뚜레쥬르 춘천한림대,,강원특별자치도 춘천시 삭주로 76 (교동) 76
뚜레쥬르 경남함안,,경상남도 함안군 가야읍 가야로 82
뚜레쥬르 부산서면점,,부산광역시 부산진구 신천대로50번길 61 (부전동) 1층
뚜레쥬르 춘천후평,,강원특별자치도 춘천시 후석로 312 (후평동) 1층
베이커리팩토리,,경기도 수원시 권선구 서수원로37번길 6-21 1층
뚜레쥬르 목포남악부영,,전라남도 무안군 삼향읍 남악5로72번길 4 (남악리) 뚜레쥬르
뚜레쥬르 천안청당,,충청남도 천안시 동남구 청당4로 61
뚜레쥬르 경주동천,,"경상북도 경주시 양정로 269 (동천동,금학빌딩) 1층 뚜레쥬르 경주동천점"
뚜레쥬르 정릉풍림,,서울특별시 성북구 솔샘로25길20(정릉동) 1층
뚜레쥬르 중계은행사거리,,"서울 노원구 중계동 360-9, A동 107, 108호 1층"
뚜레쥬르 진주이현웰가,,"경상남도 진주시 진주대로 1317 (이현동,이현하이클래스웰가아파트) 이현하이클래스웰가상가"
뚜레쥬르 대구월배,,대구광역시 달서구 조암남로 150 (대천동) 1층 뚜레쥬르
뚜레쥬르 부산시청,,부산시 부산진구 진연로 5
뚜레쥬르 강남자곡,,"서울특별시 강남구 자곡로 180 (자곡동,강남유탑유블레스) 1층 뚜레쥬르"
뚜레쥬르 청주율량제일,,충청북도 청주시 청원구 율중로 11 (율량동) 1층 102호(율량동)
뚜레쥬르 광주첨단대라수,,광주광역시 광산구 첨단중앙로182번길 90 (쌍암동) 뚜레쥬르 1층
뚜레쥬르 대전오류중앙,,대전광역시 중구 계룡로 846 (오류동) 1층
뚜레쥬르 전남광양하나로마트,,"전라남도 광양시 광양읍 신재로 10 (목성리,광양농협) 1층 뚜레쥬르"
뚜레쥬르 대구역오페라,,"대구광역시 북구 칠성남로 70 (고성동1가) 대구역오페라스위첸 상가 1층(127,128,"
뚜레쥬르 루원SK,,인천 서구 가정로 437 B211
뚜레쥬르 군산디오션,,전북특별자치도 군산시 궁포3로 14 (조촌동) (뚜레쥬르 1층)
뚜레쥬르 수원역로데오,,경기도 수원시 팔달구 향교로1번길 1 (매산로1가) 1층 뚜레쥬르
뚜레쥬르 창원메트로시티,,"경상남도 창원시 마산회원구 삼호로 80 (양덕동,메트로시티2단지) 210동 114호 뚜레쥬르"
뚜레쥬르 마산삼계,,경상남도 창원시 마산회원구 내서읍 삼계로 12 1층
뚜레쥬르 만수향촌,,"인천광역시 남동구 만수서로 52 (만수동,쓰리제이프라자) 1층 101호"
뚜레쥬르 남악오룡,,"전라남도 무안군 일로읍 오룡중앙동로 65 (오룡리,오룡에듀포레푸르지오) 뚜레쥬르 1층"
뚜레쥬르 영어도시,,에듀시티로 50
뚜레쥬르 울산삼산,,울산광역시 남구 삼산중로48번길 13 (삼산동) 1층
뚜레쥬르 왕십리민자역사,,"서울특별시 성동구 왕십리광장로 17 (행당동,왕십리민자역사) 왕십리역사내 4층"
뚜레쥬르 안양호계2동,,경기도 안양시 동안구 귀인로 99 (호계동) 102호
뚜레쥬르 판교위든타워,,경기도 성남시 수정구 금토로 80번길 56 1동 1층 106호A호(금토동)
뚜레쥬르 부산동아대,,부산광역시 사하구 낙동대로 523 (하단동) 1층
뚜레쥬르 명륜2차아이파크,,부산광역시 동래구 시실로24번길 5 (명륜동) 1층
뚜레쥬르 계명대동산병원,,"대구광역시 달서구 달구벌대로 1035 (신당동,계명대학교동산병원) 지하 1층"
뚜레쥬르 순천터미널,,"전라남도 순천시 이수로 21, 1층"
뚜레쥬르 카페성수낙낙,,"서울특별시 성동구 아차산로17길 49 (성수동2가,생각공장데시앙플렉스) R110호, R111호"
뚜레쥬르 전주인후,,전북특별자치도 전주시 덕진구 무삼지로 6 (인후동1가) 1층 뚜레쥬르
뚜레쥬르 청주테크노폴리스,,"충청북도 청주시 흥덕구 송화로214번길 29 (송절동,테크노폴리스우미린) 1층 뚜레쥬르"
뚜레쥬르 울산덕하,,울산광역시 울주군 청량읍 상남길 54 (상남리) 1층
뚜레쥬르 카페강화길상,,인천 강화군 길상면 온수리 481-32
뚜레쥬르 부산동래역,,부산광역시 동래구 온천천로 149-1 (명륜동) 1층
뚜레쥬르 평택지제영신,,경기 평택시 영신1길 57 1층 102호 뚜레쥬르 평택지제영신점
뚜레쥬르 규암농협하나로마트,,충청남도 부여군 규암면 규암로 15 (규암리) 규암농협하나로마트 1층
뚜레쥬르 전주송천,,전북특별자치도 전주시 덕진구 솔내로 170-1 (송천동2가) 1층 뚜레쥬르
뚜레쥬르 화성신영통,,화성시 영통로 62
뚜레쥬르 부산광안역,,"부산광역시 수영구 수영로582번길 10 (광안동,광안역 성원상떼빌) 109-114호"
뚜레쥬르 순천법원,,전남 순천시 왕지5길 11
뚜레쥬르 조천농협로컬푸드,,제주특별자치도 제주시 조천읍 남조로 3015 (조천리) 1층 뚜레쥬르
뚜레쥬르 청주강서,,충북 청주시 흥덕구 서현중로35 1층 뚜레쥬르
뚜레쥬르 부산정관,,부산광역시 기장군 정관읍 정관로 395 (모전리) 102호 뚜레쥬르 부산정관점
뚜레쥬르 성가롤로병원,,전라남도 순천시 순광로 221
뚜레쥬르 진영이진,,경상남도 김해시 진영읍 진산대로 63-11 (진영리) 1층 뚜레쥬르 진영이진점
뚜레쥬르 경산사동사랑,,경상북도 경산시 백자로 71 (사동) 1층 뚜레쥬르 경산사동사랑점
뚜레쥬르 경주중앙,,경상북도 경주시 중앙로 49 (동부동) 1층 뚜레쥬르 경주중앙점
뚜레쥬르 순천신대,,전남 순천시 해룡면 향매로 77 1층
뚜레쥬르 카페노원역,,서울특별시 노원구 노해로79길 6-19 1
뚜레쥬르 경주충효서라벌중앙,,경상북도 경주시 충효중앙길 57 (충효동) 1층 뚜레쥬르
뚜레쥬르 동탄목동,,경기도 화성시 동탄순환대로 400 (목동) 1층
뚜레쥬르 합정메세나,,"서울특별시 마포구 양화로 45 (서교동,메세나폴리스) 지하 1층 173, 115호"
뚜레쥬르 의정부고산,,"경기도 의정부시 수암로 4 현대타워 101,102호"
뚜레쥬르 울산전하동,,울산광역시 동구 진성14길 114 (전하동) 1층 뚜레쥬르
뚜레쥬르 운정건강공원,,"경기도 파주시 가온로 116 (목동동) 1층 103호, 104호"
뚜레쥬르 대전관저센터,,대전 서구 관저북로 53 1층
뚜레쥬르 진해용원,,"경상남도 창원시 진해구 용원로 9 (용원동,엠파이어) 뚜레쥬르 1층"
뚜레쥬르 김천부곡센트럴,,"경상북도 김천시 부곡길 201 (부곡동) 경북 김천시 부곡길 2011층 102호,103"
뚜레쥬르 김포마산,,"경기도 김포시 김포한강8로 173-59 (마산동,E편한세상한강신도시2차) 113,114,1"
뚜레쥬르 제주김녕하나로,,제주특별자치도 제주시 구좌읍 김송로 14 (김녕리) 하나로마트 1층
뚜레쥬르 독산지식산업센타,,"서울특별시 금천구 두산로 70 (독산동,현대지식산업센터) L층 TL-110호"
뚜레쥬르 뱅뱅사거리,,"서울특별시 강남구 도곡로 112 (도곡동,서한빌딩) 101호"
뚜레쥬르 권선아이파크,,"경기도 수원시 권선구 동수원로145번길 24 (권선동,수원아이파크시티2단지) 1층 뚜레쥬르"
뚜레쥬르 아산둔포농협하나로마트,,충청남도 아산시 둔포면 둔포중앙로 136 (둔포리) 둔포농협하나로마트
뚜레쥬르 청주가마지구,,충청북도 청주시 서원구 남이면 청남로 1827-32 (가마리) 1층
뚜레쥬르 종로구청,,서울특별시 종로구 종로5길 34 (청진동) 1층
뚜레쥬르 당진수청,,충남 당진시 수청동 1393 1층
뚜레쥬르 카페안산중앙,,"경기도 안산시 단원구 고잔로 76 (고잔동,영풍빌딩) 영풍맘모스프라자 1층(123호,124호"
뚜레쥬르 아현역,,"서울특별시 서대문구 신촌로35길 10 (북아현동,e편한세상신촌4단지) B1 뚜레쥬르"
뚜레쥬르 포항성모병원,,"경상북도 포항시 남구 대잠동길 17 (대잠동,포항성모병원) 외래동 1층"
뚜레쥬르 김포청송,,"경기도 김포시 김포한강2로 361 (장기동,호반베르디움6차더퍼스트)"
뚜레쥬르 인천남촌,,인천광역시 남동구 남촌동로3번길 36 (남촌동) 1층 뚜레쥬르 인천남촌
뚜레쥬르 서산코아루,,충청남도 서산시 고운로 275-6 (동문동) 1층
뚜레쥬르 부산동아대병원,,부산광역시 서구 대신공원로26 구덕2관 2층
뚜레쥬르 부산학장본점,,부산광역시 사상구 학감대로 111 (학장동) 1층
뚜레쥬르 목동사거리,,서울특별시 강서구 곰달래로 245 (화곡동) 1층
뚜레쥬르 대구다사,,"대구달서구 달성군 다사읍 다사로 71 금호어울림 센트럴 상가 202동 B104호, B105호"
뚜레쥬르 거제유로스카이,,경상남도 거제시 고현항2로 51
브레드캐스트,,"서울특별시 마포구 상암산로 66 (상암동,CJ E&M CENTER) 1층, 지하1층"
뚜레쥬르 안동정하,,경상북도 안동시 강남5길 39 (정하동) 1층 뚜레쥬르 안동정하점
뚜레쥬르 세종반곡,,"세종특별자치시 한누리대로 1864 (반곡동,수루배마을1단지근린생활시설) 단지내상가 109"
뚜레쥬르 동탄성심병원,,경기도 화성시 큰재봉길 7 (석우동) 한림대학교동탄성심병원
뚜레쥬르 인천귤현,,인천시 계양구 양지로 139
뚜레쥬르 인천숭의,,인천광역시 미추홀구 인주대로45번길 44 (숭의동) 1층 뚜레쥬르
뚜레쥬르 양주고읍중앙,,"경기도 양주시 고읍남로 1 (광사동,힘찬프라자) 1층 뚜레쥬르"
뚜레쥬르 하남신장,,경기도 하남시 더우개로 29 1층
뚜레쥬르 청주오창센트럴파크,,충북 청주시 청원구 오창공원로96 한신더휴 상가
뚜레쥬르 충북금왕중앙,,충청북도 음성군 금왕읍 무극로 224
뚜레쥬르 영주가흥제일,,대학로222 1층 뚜레쥬르
뚜레쥬르 횡성,,강원특별자치도 횡성군 횡성읍 문정로 20 (읍하리) 뚜레쥬르 횡성점
뚜레쥬르 의정부민락행복,,"경기도 의정부시 오목로 105 (민락동,세종빌딩) 1층 뚜레쥬르"
뚜레쥬르 대전도안목원대,,대전광역시 서구 도안북로 116 (도안동) 1층 뚜레쥬르
뚜레쥬르 평택청북,,경기 청북남로 278
뚜레쥬르 기흥테라타워,,"경기도 용인시 기흥구 서천로201번길 11 (농서동,기흥테라타워지식산업센터) B1 69~70호"
뚜레쥬르 카페송파파크하비오,,"서울특별시 송파구 송파대로 111 (문정동,파크하비오) 203동 110호~113호"
뚜레쥬르 부산일광신도시,,부산 기장군 일광읍 해빛2로 21 E편한세상 상가동 1층 뚜레쥬르
뚜레쥬르 배곧SK,,"경기도 시흥시 배곧3로 27-7 (정왕동,시흥배곧에스케이뷰) 1동 107-109호"
뚜레쥬르 제주함덕,,제주특별자치도 제주시 조천읍 신북로 546 (함덕리) 1층
뚜레쥬르 명지대사거리,,경기도 용인시 처인구 중부대로 1303 (역북동) 1층 뚜레쥬르
뚜레쥬르 청주가경아이파크,,"충청북도 청주시 흥덕구 서현로68(가경동) 가경아이파크 2단지 상가동 B106, 107호"
뚜레쥬르 동탄예당마을,,"경기도 화성시 동탄반석로 230 (석우동,동탄예당마을신일유토빌) 108,109호"
뚜레쥬르 길동중앙,,서울특별시 강동구 양재대로 1478 (길동)
뚜레쥬르 부산남산,,부산광역시 금정구 남산로 2 (남산동)
뚜레쥬르 광명센트베르,,경기도 광명시 새터로 27 (광명동) 광명센트베르상가 109~111호
뚜레쥬르 호구포역,,"인천광역시 남동구 호구포로 219 (논현동,세중프라자) 1층"
뚜레쥬르 사상구청,,부산광역시 사상구 학감대로 236 (감전동) 1층
뚜레쥬르 명동역,,"서울특별시 중구 퇴계로 131,1층(충무로2가,신일빌딩)"
뚜레쥬르 매교솔밭사거리,,경기도 수원시 팔달구 세지로 150 (인계동) 1층
뚜레쥬르 이천상승대,,경기도 이천시 장호원읍 경충대로597번길 251 (이황리) 1층
뚜레쥬르 울산온산덕신,,울산광역시 울주군 온산읍 덕남로 93 (덕신리) 1층
뚜레쥬르 상무,,광주광역시 서구 치평로 32 (치평동) 뚜레쥬르 1층
뚜레쥬르 인천논현,,인천광역시 남동구 에코중앙로156번길 5-19 (논현동) 1층 뚜레쥬르
뚜레쥬르 김포양곡,,"경기도 김포시 양촌읍 양곡1로 65 (양곡리) 104, 105호"
뚜레쥬르 일산산들,,경기도 고양시 일산서구 고양대로 726 (일산동) 1층 뚜레쥬르
[오생성]뚜레쥬르 부산엄궁,,"부산광역시 사상구 엄궁로203번길 40 (엄궁동,송학빌딩) 1층"
뚜레쥬르 카페수원망포,,"경기도 수원시 영통구 태장로 73 (망포동,정석 그린프라자) 1층 뚜레쥬르"
뚜레쥬르 화성상리,,경기도 화성시 봉담읍 샘마을1길 17-7 (상리) 샘마을길21 뚜레쥬르 화성상리점
뚜레쥬르 전북익산영등,,전북특별자치도익산시 고봉로30길 10 1층
뚜레쥬르 이천마장,,이천시 중앙로 10번길 30 105호~106호
뚜레쥬르 이천마장,,이천시 중앙로 10번길 30 105호~106호
뚜레쥬르 서대구센트럴자이,,"대구광역시 서구 팔달로46길 20-8 (원대동3가) 402동 1층 1호 (원대동3가,서대구센"
뚜레쥬르 강릉교동,,강원특별자치도 강릉시 교동광장로 139 (교동) 뚜레쥬르 강릉교동점
뚜레쥬르 카페배곧센터,,"경기도 시흥시 배곧3로 96 (정왕동,M-플러스) 1층 110호,111호"
뚜레쥬르 김해안동푸르지오,,"경상남도 김해시 안동길 31 (안동, 김해푸르지오하이엔드 1단지)103호, 104호"
뚜레쥬르 DMC수색초교,,서울특별시 은평구 수색로20길 20-22 (수색동) DMC SK뷰아이파크포레 112호
뚜레쥬르 배곧한라비발디,,"경기도 시흥시 배곧1로 27-16 (정왕동,한라비발디캠퍼스2차) 101,102호"
뚜레쥬르 충주연수롯데,,충청북도 충주시 예성로 392 (연수동) 1층 뚜레쥬르 연수롯데점
뚜레쥬르 울산지웰자이,,울산시 동구 서부로 51
뚜레쥬르 창원동읍,,경상남도 창원시 의창구 동읍 동읍로 11 (용잠리) 1층
뚜레쥬르 전남광양용강,,전라남도 광양시 광양읍 기두5길 2 (용강리) 1층 뚜레쥬르 전남광양용강
뚜레쥬르 다산센트럴파크,,"경기도 남양주시 다산중앙로82번길 80 1층 102호,103호,104호"
뚜레쥬르 충남부여,,충청남도 부여군 부여읍 석탑로 55 (구아리) 뚜레쥬르
뚜레쥬르 경북안동용상,,경상북도 안동시 중평길 107-27 1층 101호 뚜레쥬르
뚜레쥬르 사천카이,,경상남도 사천시 사남면 항공로 162
뚜레쥬르 광명중앙대병원,,경기도 광명시 덕안로104번길 17 (일직동) 광명역M클러스터 B128호 (일직동)
뚜레쥬르 아산신도브래뉴,,"충청남도 아산시 용화고길 90 (용화동,용화마을신도브래뉴아파트) 상가동 1층 105호"
뚜레쥬르 신도림역,,"구로구 경인로 661 신도림 1차 푸르지오 111호,111-1호"
뚜레쥬르 탄현제니스,,"경기도 고양시 일산서구 일현로 97-11 136, 137호(탄현동, 일산 위브더제니스)"
뚜레쥬르 제주연오로,,제주특별자치도 제주시 연오로 88 (연동) 1층
뚜레쥬르 포항초곡,,"경상북도 포항시 북구 흥해읍 초곡지구로58번길 52 (초곡리,초곡삼구트리니엔시티) 101호, 102호"
뚜레쥬르 진영휴게소 부산방향,,경상남도 김해시 진영읍 하계로96번길 94-4 (우동리) 1층
뚜레쥬르 이수역,,서울특별시 서초구 동작대로 70 (방배동) 1층
뚜레쥬르 건대입구역,,서울 광진구 아차산로 225 단산화빌딩 1층 뚜레쥬르
뚜레쥬르 아산탕정,,충남 아산시 탕정면 한들물빛5로 11
뚜레쥬르 카페인창,,경기도 구리시 동구릉로 82 (인창동) 1층 뚜레쥬르
뚜레쥬르 갈매스칸센,,경기도 구리시 갈매순환로 188 오피스텔동 1층 AE01-0009호 (갈매동)
뚜레쥬르 대구본리,,대구광역시 달서구 장기로 221 (본리동) 1층
뚜레쥬르 천안대원,,"충청남도 천안시 서북구 불당11로 101 (불당동,불당센타프라자) 103,104"
뚜레쥬르 평택지제센트럴파크,,경기도 평택시 동삭1로22번길 19-15 (동삭동) 104호 뚜레쥬르 평택지제센트럴파크점
뚜레쥬르 울산대병원,,울산광역시 동구 대학병원로 25 울산대병원 본관 1층
뚜레쥬르 충대중문,,충청북도 청주시 서원구 내수동로 112 1층
[휴점]뚜레쥬르 하남유니온시티,,경기도 하남시 신장동 593 (하남유시티대명루첸리버파크) 16~20호
뚜레쥬르 부산구서롯데캐슬,,부산광역시 금정구 금강로 479 (구서동)
뚜레쥬르 행신샘터,,"경기도 고양시 덕양구 중앙로557번길 11 (행신동,삼정플라자) 1층뚜레쥬르"
뚜레쥬르 오송파라곤,,충청북도 청주시 흥덕구 오송읍 오송생명7로 164
뚜레쥬르 대구도남,,"대구광역시 북구 도남길 7 (국우동) 도남중앙로7길 20-4, 도남지구 21B-1L 1"
뚜레쥬르 시흥장현,,경기도 시흥시 장곡1로 5 106-109호
뚜레쥬르 통영죽림터미널,,경상남도 통영시 광도면 죽림4로 18 (죽림리) 1층
뚜레쥬르 마곡수명산,,"서울특별시 강서구 수명로 68-35 (내발산동,웨스트엔드중정) 1층 뚜레쥬르"
뚜레쥬르 가산센트럴,,"서울특별시 금천구 디지털로10길 69 (가산동,가산센트럴푸르지오시티) 1층 1동 101호"
뚜레쥬르 청주용암부영,,충청북도 청주시 상당구 중흥로 199 (용암동) 1층
뚜레쥬르 거제사등,,경상남도 거제시 사등면 두동로 65 (사곡리) 2층
뚜레쥬르 제주하귀하나로,,제주특별자치도 제주시 애월읍 하광로 15 (하귀1리) 102
뚜레쥬르 부산초읍,,부산광역시 부산진구 새싹로 216 (초읍동) 1층
뚜레쥬르 대구대봉,,대구광역시 남구 대봉로 128 (이천동) 1층
뚜레쥬르 위례중앙,,"경기도 성남시 수정구 위례광장로 300 (창곡동,위례중앙역중앙타워) 108,109호 뚜레쥬르"
뚜레쥬르 검단아라,,인천시 서구 푸르내2길 4 1층
뚜레쥬르 카페강남대로,,"서울특별시 강남구 강남대로 524 (논현동,건일빌딩) 1층 뚜레쥬르"
뚜레쥬르 대구센트럴,,"대구광역시 북구 대천로 100 (동천동,화성센트럴파크) 1층 뚜레쥬르 대구센트럴점"
뚜레쥬르 대구센트럴,,"대구광역시 북구 대천로 100 (동천동,화성센트럴파크) 1층 뚜레쥬르 대구센트럴점"
뚜레쥬르 가양역,,"서울특별시 강서구 양천로57길 16 (가양동,영보빌딩) 영보빌딩 1층"
뚜레쥬르 울산무거,,울산광역시 남구 대학로147번길 61 (무거동) 1층 뚜레쥬르
뚜레쥬르 홍천갈마,,"강원특별자치도 홍천군 홍천읍 갈마로 16 (갈마곡리,주공1차아파트) 주공1차아파트 상가동 103호,"
뚜레쥬르 공주신관제일,,충청남도 공주시 번영1로 72 (신관동) 1층 뚜레쥬르
뚜레쥬르 검단신도시,,"인천시 서구 이음5로 20 110,111호 (원당동, 연세프라자8차)"
뚜레쥬르 대구달성공원역,,대구 중구 달성로 123 달성파크푸르지오힐스테이트 상가 506동 102호
뚜레쥬르 대전신탄진대청,,대전광역시 대덕구 대청로 38 1층
뚜레쥬르 인천가좌,,"인천광역시 서구 장고개로 319 (가좌동,진주아파트) 1층"
뚜레쥬르 부산동의대역,,부산광역시 부산진구 가야대로 538 (가야동) 가야롯데캐슬 상가2동 108호
뚜레쥬르 광주봉선,,광주광역시 남구 봉선중앙로 70-1
뚜레쥬르 경남합천,,경상남도 합천군 합천읍 옥산로 126 (합천리) 뚜레쥬르
뚜레쥬르 구미형곡제일,,경상북도 구미시 신시로 73 (형곡동) 경상북도 구미시 형곡동 144-5 1층. 現새서
뚜레쥬르 목포하당중흥,,전라남도 목포시 비파로 96 (상동) 1층 뚜레쥬르 109호
뚜레쥬르 대전장대,,대전광역시 유성구 문화원로 2 (장대동) 뚜레쥬르 대전장대
뚜레쥬르 칠곡구암,,대구광역시 북구 구암로 150 (구암동) 1층 뚜레쥬르
뚜레쥬르 광화문경희궁의아침,,"서울특별시 종로구 사직로8길 34 (내수동,경희궁의아침 3단지) 1층"
뚜레쥬르 전북순창,,전북특별자치도 순창군 순창읍 경천1로 34
뚜레쥬르 동탄지스타,,경기도 화성시 동탄기흥로353번길 100 (오산동) 지스타프라자 107~108호(오산동)
뚜레쥬르 대전서구만년,,대전광역시 서구 만년남로 10
뚜레쥬르 구미원평,,경상북도 구미시 구미중앙로21길 21 (원평동) 경북 구미시 구미중앙로21길 21 1층 (원평동
뚜레쥬르 용산리첸시아,,"서울특별시 용산구 백범로 341 (원효로1가,리첸시아 용산) 1층"
뚜레쥬르 삼성바이오로직스점,,"인천광역시 연수구 송도바이오대로 300 (송도동,삼성바이오로직스) 삼성바이오로직스"
뚜레쥬르 부산기장동부,,부산광역시 기장군 기장읍 차성동로 108
뚜레쥬르 경북대병원,,"대구광역시 중구 동덕로 130 (삼덕동2가,경북대학교병원) 경북대학교병원새마을금고직영"
뚜레쥬르 계양작전,,인천광역시 계양구 장제로 672 (작전동) 109호
뚜레쥬르 전북부안,,전북특별자치도 부안군 부안읍 석정로 199 (동중리) 1층 뚜레쥬르
뚜레쥬르 다산메인타워,,경기 남양주시 다산중앙로82번안길 118
뚜레쥬르 세브란스병원점,,"서울특별시 서대문구 연세로 50-1 (신촌동,신촌세브란스병원) 본관 3층 뚜레쥬르"
뚜레쥬르 한림대성심병원,,"경기도 안양시 동안구 관평로170번길 22 (평촌동,한림대학교성심병원) 1층 뚜레쥬르"
뚜레쥬르 판교대장,,경기도 성남시 판교대장로 7길 6-32
뚜레쥬르 아산배방농협연화,,충청남도 아산시 배방읍 세교중앙1길 78-1
뚜레쥬르 자양,,서울시 광진구 능동로 50 이튼타워리버2차 108호
뚜레쥬르 화정덕양구청,,경기도 고양시 덕양구 화중로104번 24 (송화빌딩) 1층 108호
뚜레쥬르 동천동문,,"경기도 용인시 수지구 동천로 58 (동천동,빌프라자) 105,106호"
뚜레쥬르 논산반월,,충청남도 논산시 해월로 154 (반월동) 1층 뚜레쥬르
뚜레쥬르 구로지타워,,"서울특별시 구로구 디지털로26길 38 (구로동,G-TOWER) 1층"
뚜레쥬르 전남장흥,,전라남도 장흥군 장흥읍 토요시장1길 9-1 (예양리) 1층 뚜레쥬르
뚜레쥬르 조치원욱일,,세종특별자치시 조치원읍 행복10길 3
뚜레쥬르 수원세류미영,,"경기도 수원시 권선구 정조로 432 (세류동,미영아파트) 1층 뚜레쥬르"
뚜레쥬르 광주화정힐스테이트,,광주광역시 서구 화정로 220 1층
뚜레쥬르 부산서대신역,,"부산광역시 서구 대티로 178, 106,107호 서대신동2가,대신해모로센트럴아파트"
뚜레쥬르 울산매곡,,울산 북구 신기3길 40
뚜레쥬르 주안파크자이,,"인천광역시 미추홀구 인하로 221번길 6 1층 103호(주안동,다안빌딩)"
뚜레쥬르 춘천효자,,강원특별자치도 춘천시 공지로 240 (효자동) 1층 뚜레쥬르
뚜레쥬르 퇴계원,,경기도 남양주시 퇴계원면 퇴계원로 86 (퇴계원리) 1층 뚜레쥬르
뚜레쥬르 복현GS,,대구광역시 북구 검단로 12 (복현동) 1층
뚜레쥬르 수원정자블루밍,,경기도 수원시 장안구 파장로 47 (정자동) 1층 뚜레쥬르
뚜레쥬르 동대구해모로,,"대구광역시 동구 동북로 340 1201동 1층 117호 (신암동, 동대구 해모로 스퀘어 웨스트"
뚜레쥬르 대구중동,,대구광역시 수성구 수성로 211 (중동) 1층
뚜레쥬르 다올,,서울특별시 서초구 내곡동 1111
뚜레쥬르 평촌학원가,,경기도 안양시 동안구 평촌대로 113 (호계동) AC프라자 1층 101호
뚜레쥬르 창원대동백화점,,"경상남도 창원시 성산구 원이대로 730 (상남동,대동백화점) 1층"
뚜레쥬르 전북혁신도시,,전북특별자치도 완주군 이서면 출판로 46-5 (갈산리) 1층 뚜레쥬르
뚜레쥬르 월배삼정,,대구광역시 달서구 조암남로32길 40 (대천동) (대천동) 402동 1층 104호
뚜레쥬르 전남담양,,전라남도 담양군 담양읍 죽향대로 1176
뚜레쥬르 부평신일해피트리,,"인천광역시 부평구 원적로 295 (산곡동) 1층 111,112호"
뚜레쥬르 동탄역,,"경기도 화성시 동탄역로 150 (오산동) B112, 113호"
뚜레쥬르 해운대수비교차로,,"부산광역시 해운대구 해운대로 407 (우동,신세계프라자) 1층"
[휴점]뚜레쥬르 여수쌍봉,,전라남도 여수시 쌍봉로 27-2 (학동) 1층 뚜레쥬르
뚜레쥬르 오산법원,,"경기도 오산시 궐리사로 64 (궐동,구꿈) 1층 뚜레쥬르"
뚜레쥬르 대구신평리,,대구 서구 당산로 446 321동 2층 201호
뚜레쥬르 통영한진로즈힐,,"경상남도 통영시 무전1길 16 (무전동,씨티빌딩) 1층"
뚜레쥬르 김해삼계가야,,경상남도 김해시 가야로38번길 4 (삼계동) 1층
뚜레쥬르 원주봉산,,강원특별자치도 원주시 행구로 79 (봉산동) 1층 뚜레쥬르
뚜레쥬르 월계역,,"서울특별시 노원구 초안산로2라길 26 (월계동,월계센트럴아이파크) 상가동 111호"
뚜레쥬르 인천시청,,인천광역시 남동구 구월로 81 (간석동) 1층 뚜레쥬르
뚜레쥬르 반정아이파크캐슬,,"경기도 동탄지성로469번길 60 5단지 상가1동107호,108호,109호"
뚜레쥬르 군자역,,서울특별시 광진구 능동로 302
브레드텍인천,,"인천광역시 부평구 육동로 36 (부평동,오상자이엘빌딩) 2층"
뚜레쥬르 도봉구청,,"서울특별시 도봉구 마들로 657 (방학동,이에스에이아파트) 1층 뚜레쥬르"
뚜레쥬르 수원역,,경기 수원시 팔달구 덕영대로 924 수원역
뚜레쥬르 남양주호평효성,,경기도 남양주시 늘을1로 286 (호평동) 1층 뚜레쥬르
뚜레쥬르 경북청도,,경상북도 청도군 청도읍 청화로 139 (고수리) 1층
브레드텍,,"경기도 군포시 엘에스로 153-18 (산본동,L&C타워) 401호"
뚜레쥬르 충암,,서울특별시 서대문구 가좌로 141 (홍은동) 1층 뚜레쥬르
뚜레쥬르 해남군청,,전라남도 해남군 해남읍 군청길 13 (성내리) 뚜레쥬르 1층
뚜레쥬르 하나로클럽대전,,대전광역시 중구 대둔산로 199번길 43
뚜레쥬르 서귀포동홍,,제주특별자치도 서귀포시 동홍중앙로 84 (동홍동) 1층
뚜레쥬르 용인한숲시티,,"경기도 용인시 처인구 남사면 한숲로 123 (완장리,e편한세상용인한숲시티) 3BL 103,104호"
뚜레쥬르 용인양지,,"경기도 용인시 처인구 양지면 양지로 145 (양지리,밝은미소치과) 1층 뚜레쥬르"
뚜레쥬르 양산신도시,,경상남도 양산시 양주로 94 양산신도시 청어람아파트 상가 1층
뚜레쥬르 전주신일강변,,전북특별자치도 전주시 완산구 효자천변1길 28-0 (효자동1가)
뚜레쥬르 청주시청,,충북 청주시 상당구 중앙로 80 1층
뚜레쥬르 마포홍대,,"서울시마포구 홍익로 10 서교푸르지오 상가동 105호, 146"
뚜레쥬르 남원하나로마트,,전북특별자치도 남원시 동문로 94
뚜레쥬르 김포타운힐스,,"경기도 김포시 김포한강11로255번길 15 (운양동,김포한강이랜드타운힐스) 105호"
뚜레쥬르 봉담와우,,경기도 화성시 봉담읍 와우로 20 (와우리) 미래프라자 102~103
뚜레쥬르 대구상인역,,대구광역시 달서구 월배로 220 (상인동) 1층
뚜레쥬르 송도그린워크,,"인천광역시 연수구 아트센터대로97번길 30 (송도동,더샵그린워크1차) 1층 뚜레쥬르"
뚜레쥬르 여수무선,,전라남도 여수시 무선중앙로 25 (화장동) 뚜레쥬르 1층
뚜레쥬르 강릉합동마트,,강원특별자치도 강릉시 경강로2224번길 12-1 (포남동) 1층 뚜레쥬르
CJ푸드빌라운지,,"서울특별시 중구 마른내로 34 (초동,(주)케이티앤지을지로타워) 3층"
뚜레쥬르 부산당감,,부산광역시 부산진구 당감서로98번길 30 (부암동) 1층
뚜레쥬르 제물포역,,인천광역시 미추홀구 수봉로 1 (숭의동) 1층 뚜레쥬르
뚜레쥬르 서산예천,,충남 서산시 예천7로 4-12(예천동) 1층
뚜레쥬르 진량농협하나로마트,,경상북도 경산시 진량읍 공단11로 257-10 진량농협하나로마트 1층
뚜레쥬르 통영무전,,"경상남도 통영시 무전8길 13-38 (무전동,진우하이빌 1차) 103호(무전동,진우하이빌"
뚜레쥬르 매교힐스테이트,,경기도 수원시 팔달구 효원로93번길 33 (매교동) 힐스테이트푸르지오수원 상가
뚜레쥬르 제주애월,,제주특별자치도 제주시 애월읍 애월로 119 (애월리) 119
뚜레쥬르 군산터미널,,"전북특별자치도 군산시 해망로 25 (대명동,일미회관) 1층"
뚜레쥬르 청주내덕중앙로,,충청북도 청주시 청원구 중앙로 209 1층
뚜레쥬르 천안성성신도시,,충청남도 천안시 서북구 성성6로 51 (성성동) 1층
수인파트너스(발산),,"서울특별시 강서구 강서로52길 50 (내발산동,대성빌딩) 대성빌딩 6층"
수인파트너스,,"경기도 성남시 중원구 성남대로 1139 (성남동,한일타워) 11층 1101호(한일타워)"
뚜레쥬르 세종보람,,"세종특별자치시 남세종로 462 (보람동,위너스타워) 1층 뚜레쥬르"
뚜레쥬르 함안칠원,,경상남도 함안군 칠원읍 용산2길 67 (용산리) 1층
뚜레쥬르 양산사송,,경상남도 양산시 동면 내송큰들1길 29 1-2층 일부
뚜레쥬르 파주운정가람,,경기도 파주시 가람로 47
뚜레쥬르 동선브라운스톤,,"서울특별시 성북구 아리랑로5길 25 (동소문동7가,브라운스톤 동선아파트) 상가 1층"
뚜레쥬르 송도아트윈,,"인천광역시 연수구 인천타워대로 253-25 (송도동,아트윈푸르지오) 1츨 뚜레쥬르 104호"
뚜레쥬르 수원천천푸르지오,,경기도 수원시 장안구 정자천로13번길 15 (천천동) 1층 뚜레쥬르
뚜레쥬르 포항법원대로,,경상북도 포항시 북구 신덕로 262(양덕동) 1층
뚜레쥬르 양주광적,,경기도 양주시 광적면 가래비12길 2 (가납리) 1층 뚜레쥬르
뚜레쥬르 양주옥정고,,"경기도 양주시 옥정로7길 9-5 옥정동) 케이타워 108, 109호"
뚜레쥬르 시흥은계로데오,,"경기도 시흥시 은계번영길 1 (은행동,태산W타워) 114,115호"
뚜레쥬르 제천하소로,,충청북도 제천시 하소로 42 (하소동) 1층 뚜레쥬르
뚜레쥬르 부산용호메트로,,"부산광역시 남구 분포로 61 빌리브센트로 A동 1층 A140, A141호 (용호동)"
뚜레쥬르 남춘천,,강원특별자치도 춘천시 행촌로 27 (퇴계동) 1층 뚜레쥬르
뚜레쥬르 부산다대,,부산광역시 사하구 다대로 582 (다대동) 1층
뚜레쥬르 종로,,"서울특별시 종로구 종로 62 (종로2가) 1층, 2층"
뚜레쥬르 행신무원,,"경기도 고양시 덕양구 화신로 33 (행신동, 무원마을2단지아파트)"
매일산업강원,,"강원특별자치도 원주시 봉화로 22 (단계동,더파크타워) 5층 501호"
매일산업화정,,"경기도 고양시 덕양구 화중로104번길 26 (화정동,한솔타워) 3층 302호, 303호"
뚜레쥬르 대구내당,,대구광역시 서구 달구벌대로361길 1 (내당동) 대구 N타워 1층 뚜레쥬르
뚜레쥬르 강서증미역,,"서울특별시 강서구 양천로 570 (등촌동) NH농협타워 1층, 110호 뚜레쥬르"
뚜레쥬르 암사라인,,"서울특별시 강동구 고덕로 53 (암사동,라인아파트) 1층"
뚜레쥬르 마산마린애시앙,,"경상남도 창원시 마산합포구 가포로 88 (월영동,삼공운수) 1층"
뚜레쥬르 숙대입구,,"서울특별시 용산구 청파로 285 (청파동2가) 1층,2층"
뚜레쥬르 간석역,,"인천광역시 미추홀구 주안로 226 (주안동,더월드스테이트) 1층 114,114-1호"
뚜레쥬르 단대오거리,,경기도 성남시 중원구 산성대로372번길 3 (금광동) 1층
뚜레쥬르 대전월평계룡,,대전광역시 서구 월평로 46 1층 뚜레쥬르
뚜레쥬르 카페수원호매실,,경기도 수원시 권선구 금곡로102번길 55 (금곡동) 1층 뚜레쥬르
뚜레쥬르 모란역,,"경기도 성남시 중원구 성남대로 1132 (성남동,우보빌딩) 102,103호"
뚜레쥬르 양산북정,,"경상남도 양산시 북정로 27 (북정동,TOUS) 1층"
뚜레쥬르 하남신장사거리,,"경기도 하남시 신평로 45 (신장동,SN타워) 1층 뚜레쥬르"
뚜레쥬르 세종해밀,,"세종특별자치시 해밀3로 51 스카이허브 107호, 108호 1층 뚜레쥬르 세종해밀점"
뚜레쥬르 카페응암,,서울특별시 은평구 응암로 277
뚜레쥬르 판교파미어스몰,,경기도 성남시 수정구 창업로 17 (시흥동) 파미어스몰 103-2
뚜레쥬르 제주한경,,제주특별자치도 제주시 신한로 1길
뚜레쥬르 창동동아,,"서울특별시 도봉구 노해로69길 97 (창동,동아청솔아파트) ."
뚜레쥬르 카페서현역,,"경기도 성남시 분당구 황새울로 332 (서현동,분당문화센터) 1층"
뚜레쥬르 해운대중동,,부산시 해운대구 좌동순환로 10 1층
뚜레쥬르 대전월평선사,,대전광역시 서구 청사로 128 (월평동) 1층
뚜레쥬르 창원성원,,"경상남도 창원시 성산구 가음로15번길 52 (남양동,성원2차아파트) 상가동 107, 108호"
뚜레쥬르 평택에이스고덕,,경기도 평택시 고덕면 고덕중앙로 290 (여염리) 에이스더 퍼스트 고덕 101~102호
뚜레쥬르 청주산남,,충청북도 청주시 서원구 산남로 75 (산남동) 1층
뚜레쥬르 아산축협하나로마트,,충남 아산시 온천대로 1721 1층 뚜레쥬르
뚜레쥬르 양산물금신도시,,경상남도 양산시 물금읍 야리로 15 (가촌리) 101호
뚜레쥬르 여수웅천롯데캐슬,,전라남도 여수시 웅천남7로 24
뚜레쥬르 양평용문,,경기도 양평군 용문면 용문로371번길 2 (다문리) 1층
뚜레쥬르 김포대곶,,경기도 김포시 대곶면 율생로 82 (율생리) 102호
뚜레쥬르 청라시티프라디움,,"청라한내로 131 시티프라디움상가 104,105"
뚜레쥬르 카페부천역,,"경기도 부천시 부천로 11 (심곡동,해태쇼핑) 잼존 플라자 1층"
뚜레쥬르 평택고덕중앙,,경기도 평택시 함박산7길 31-5(고덕동) 1층
뚜레쥬르 죽전역,,"경기도 용인시 수지구 포은대로 530 (죽전동,죽전역) 죽전역 내"
뚜레쥬르 마석월산,,"경기도 남양주시 화도읍 경춘로2290번길 6 (월산리,남양주월산사랑으로부영1단지) 상가2동 101호"
뚜레쥬르 홍제역,,"서울특별시 서대문구 통일로 지하 440-1 (홍제동,홍제역) 뚜레쥬르"
뚜레쥬르 대구서구청,,"대구광역시 서구 국채보상로50길 20 (평리동,평리 푸르지오) 1층(구,핸즈커피)"
뚜레쥬르 도봉쌍문,,서울특별시 도봉구 도당로 2 (쌍문동) 1층 뚜레쥬르
뚜레쥬르 광주진월,,광주광역시 남구 서문대로 793 1층 104호
뚜레쥬르 제주아라아이파크,,제주특별자치도 제주시 인다10길 22 (아라일동) 1층
뚜레쥬르 분당수내역,,"경기도 성남시 분당구 백현로101번길 17 (수내동,초림프라자) 17 2필지 초림프라자 110호(수내"
뚜레쥬르 카페안산선부,,"경기도 안산시 단원구 선부광장1로 69 (선부동,산호한양아파트 상가동) 104,105"
뚜레쥬르 장현,,경기도 남양주시 진접읍 장현리 60-11 1층 뚜레쥬르
뚜레쥬르 전남함평,,전라남도 함평군 함평읍 영수길 175 (기각리) 1층
뚜레쥬르 연천전곡,,경기도 연천군 전곡읍 전곡로 157
뚜레쥬르 카페강동역,,"서울특별시 강동구 천호대로 1087 (천호동,진넥스빌Ⅲ) 1층"
뚜레쥬르 홍성삼성마트,,충청남도 홍성군 홍성읍 홍장북로 416 뚜레쥬르
뚜레쥬르 다산테라타워,,경기 남양주시 다산지금로 202 1층 R01-0111호~R01-0114호(다산동)
뚜레쥬르 삼례농협하나로마트,,"전북특별자치도 완주군 삼례읍 삼봉중앙로 15 (수계리,완주군보훈회관) 1층"
뚜레쥬르 지축역,,경기 고양시 덕양구 지축1로 73 1층 (JS스퀘어)
뚜레쥬르 해병대1사단,,경상북도 포항시 남구 오천읍 충무로 70 (용덕리) 2층
뚜레쥬르 용인구성,,"경기도 용인시 기흥구 구성로 91 (언남동,뚜레쥬레) 1층 뚜레쥬르"
뚜레쥬르 과천부림,,경기도 과천시 부림3길 6-8 (부림동) 1
뚜레쥬르 충주주덕,,충청북도 충주시 주덕읍 신양로 124 (신양리) 뚜레쥬르 충주주덕점
뚜레쥬르 광주초월,,경기도 광주시 초월읍 경충대로1127번길 46 (쌍동리) 1층
뚜레쥬르 청주모충,,충청북도 청주시 서원구 무심서로413번길 5
뚜레쥬르 청주동남,,"충청북도 청주시 상당구 중고개로 140 (용암동,칸타빌더테라스1단지) 대원칸타빌 1차 상가 10"
뚜레쥬르 여주오학,,경기도 여주시 현암3길 1 (현암동) 1층 뚜레쥬르 여주오학점
뚜레쥬르 진천장관,,충청북도 진천군 진천읍 진광로 97-12 (장관리) 1층 뚜레쥬르
뚜레쥬르 상도래미안,,서울특별시 동작구 상도로37길 74 (상도동) 1층 뚜레쥬르
뚜레쥬르 광주518공원,,광주광역시 서구 상무민주로 97 (쌍촌동) 1층 뚜레쥬르
뚜레쥬르 부산개금백병원,,"부산광역시 부산진구 복지로 75 (개금동,부산백병원) 임재관 1층"
뚜레쥬르 중동래미안,,"경기도 부천시 신흥로276번길 15 (중동,래미안부천중동) 113동 103호,104호"
뚜레쥬르 포항오천,,경상북도 포항시 남구 오천읍 충무로 23 (용덕리) 1층
뚜레쥬르 평택용죽,,경기도 평택시 용죽3로 25 1층(용이동)
뚜레쥬르 신용산역,,"서울특별시 용산구 한강대로30길 25 (한강로2가,아스테리움 용산) B1 131"
뚜레쥬르 카페송파황실,,"서울특별시 송파구 백제고분로 204 (삼전동,에스엔씨빌딩) 1.2층"
뚜레쥬르 영종하늘중앙,,"인천광역시 중구 하늘중앙로 225번길 11 1층 105,106호(중산동)"
뚜레쥬르 공주신월,,충청남도 공주시 번영1로 181 1층 (신관동)
뚜레쥬르 안산센트럴포레,,경기도 안산시 화랑로102 101-102
뚜레쥬르 동탄호수공원,,"경기도 화성시 동탄순환대로 127-9 (산척동) 109호,110호,111호"
뚜레쥬르 경산중산,,경상북도 경산시 펜타힐즈2로 57 (중산동) 1층
뚜레쥬르 군산산북,,전북특별자치도 군산시 칠성안2길 38 (산북동) 1층
뚜레쥬르 잠실트리지움,,"서울특별시 송파구 석촌호수로 61 (잠실동,트리지움) 101호"
뚜레쥬르 신대방역,,서울특별시 관악구 난곡로 355-1 (신림동) 1층
뚜레쥬르 카페양곡,,경기도 김포시 양촌읍 양곡2로80번길 70 (양곡리) 1층
뚜레쥬르 경산정평,,경상북도 경산시 대학로 47 (정평동) 1층
뚜레쥬르 미아테라스파크,,"서울특별시 강북구 삼양로27길 43 (미아동,위브테라스파크) 위브테라스파크 상가 내"
뚜레쥬르 부산송도,,부산광역시 서구 암남공원로 1 (암남동) 2층
뚜레쥬르 광주동림,,광주광역시 서구 하남대로 654 (동천동) 1층
뚜레쥬르 시흥능곡,,경기도 시흥시 장현능곡로 198 (능곡동) 1층
뚜레쥬르 포항오천부영,,경상북도 포항시 남구 오천읍 남원로 86-22 (원리) 1층
뚜레쥬르 춘천퇴계중앙,,강원특별자치도 춘천시 퇴계로 146 1층 뚜레쥬르
뚜레쥬르 옥동광명,,"경상북도 안동시 광명로 168 (옥동,신성타워) 신성타워 1층"
뚜레쥬르 수원역푸르지오자이,,경기도 수원시 팔달로 63
뚜레쥬르 청주개신주공,,충청북도 청주시 서원구 경신로 40 (개신동) 1층 뚜레쥬르
뚜레쥬르 구미북삼,,경상북도 구미시 금오대로14길 4 (오태동) 742-5 1층 뚜레쥬르
뚜레쥬르 김천혁신,,"경상북도 김천시 해오름2로 3,1층(율곡동) 경상북도 김천시 해오름2로 3,1층(율곡동)"
뚜레쥬르 당진문예의전당,,충청남도 당진시 시청1로 71 (읍내동) 진산빌딩 102호
뚜레쥬르 부산온천,,부산광역시 동래구 금강로62번길 3 (온천동) .
뚜레쥬르 마산산호마린,,경상남도 창원시 마산합포구 회원천북길 505 (산호동) 1층 뚜레쥬르 마산산호마린점
뚜레쥬르 경산옥곡,,경상북도 경산시 경산로13길 3-3 (옥곡동) 1층
뚜레쥬르 반포,,서울 서초구 잠원로3길 40 태남빌딩 1층
뚜레쥬르 신월동,,서울특별시 양천구 남부순환로83길 48 진리등대교회 1층
뚜레쥬르 서귀포시외버스터미널,,"제주특별자치도 서귀포시 일주동로 9217 (법환동,서귀포시외버스터미널) 9217"
뚜레쥬르 이천장호원,,"경기도 이천시 장호원읍 장감로 85 (장호원리,삼성명인내과) 1층"
뚜레쥬르 가평조은,,경기도 가평군 가평읍 가화로 42 (대곡리) 1층
뚜레쥬르 전남장성,,전라남도 장성군 장성읍 영천로 162
뚜레쥬르 창원봉곡,,"경상남도 창원시 의창구 원이대로285번길 11 (봉곡동,서울상가) 1층 103호"
뚜레쥬르 의정부로데오,,경기도 의정부시 시민로 122번길4 (의정부동) 1층 뚜레쥬르
뚜레쥬르 일산주엽역,,"경기도 고양시 일산서구 중앙로 1425 (주엽동,주엽역 삼부르네상스) 가동 제1층 103호,104호"
뚜레쥬르 수원정자,,경기도 수원시 장안구 대평로 80 (정자동) 정연메이져빌딩1층 뚜레쥬르
뚜레쥬르 수성교보,,"대구광역시 수성구 들안로 325 (수성동2가,롬바드아파트) 상가 102호 (수성동2가,"
뚜레쥬르 천안단대병원,,"충청남도 천안시 동남구 망향로 201 (안서동,단국대학교의과대학부속병원) 지하1층, 지상1층"
뚜레쥬르 마포성산,,서울특별시 마포구 월드컵북로 184 184 1층 (성산동)
뚜레쥬르 행당역,,서울특별시 성동구 행당로17길 36-6 (행당동) 1층
뚜레쥬르 울산원예하나로마트,,"울산광역시 울주군 범서읍 장검길 10 (굴화리,울산원예농협하나로마트) 2층"
뚜레쥬르 진주망경,,경상남도 진주시 망경로 293-1 (망경동) 1층 뚜레쥬르
뚜레쥬르 서울역센트럴자이,,"서울특별시 중구 만리재로 175 (만리동2가,서울역센트럴자이) 서울역센트럴자이 401동"
뚜레쥬르 포항문덕,,경상북도 포항시 남구 오천읍 원동로 34 (원리) 1층
뚜레쥬르 양산터미널,,경상남도 양산시 양산역1길 2 (중부동) 1층 뚜레쥬르
뚜레쥬르 김해내동,,경상남도 김해시 내외로77번길 22 (내동) 거북빌딩 1층
뚜레쥬르 원주기업도시,,"강원특별자치도 원주시 지정면 신지정로 322 (가곡리) 322-1 113호,114호"
뚜레쥬르 부산대청로,,부산광역시 중구 대청로 71 (보수동1가) 1층
뚜레쥬르 기흥역,,"경기도 용인시 기흥구 기흥역로58번길 10 (구갈동,기흥역센트럴푸르지오) 1층 뚜레쥬르"
뚜레쥬르 논산하나로장군마트,,충청남도 논산시 중앙로 264 (취암동) 하나로장군마트
뚜레쥬르 신정네거리,,"서울특별시 양천구 중앙로43길 14 (신정동,래미안목동아델리체) 상가A동 1층 108호,109"
뚜레쥬르 울산남창,,울산광역시 울주군 온양읍 대운길 17 (운화리) .
뚜레쥬르 영종하늘도시,,인천 중구 하늘중앙로 195번길 29 진로프라자 1층
뚜레쥬르 대구진천역,,"대구광역시 달서구 월배로 71 (진천동,진천트윈팰리스) 102,103,109호 뚜레쥬르"
뚜레쥬르 중앙대100주년관,,서울 동작구 흑석로 84 100주년기념관
뚜레쥬르 카페교대역점,,"서울특별시 서초구 서초중앙로24길 19 (서초동,나라빌딩) 1층"
뚜레쥬르 계양구청,,"인천광역시 계양구 계산새로 71 (계산동,하이베라스빌딩) B동 113호 114호"
뚜레쥬르 충주용산호암,,충청북도 충주시 형설로 50 (호암동) 다동 뚜레쥬르 충주용산호암점
뚜레쥬르 안산그랑시티자이,,경기도 안산시 상록구 해양1로 199 (사동) 199 (사동) 1층 그랑시티자이
뚜레쥬르 사랑모아범천,,부산광역시 부산진구 중앙대로 632 (범천동) 사랑모아빌딩 1층
뚜레쥬르 시화세종,,"경기도 시흥시 함송로 21 (정왕동,굿모닝프라자) 109-110"
뚜레쥬르 청주영운제일,,충청북도 청주시 상당구 영운천로 29 (영운동) 1층
뚜레쥬르 경산신대부적,,경상북도 경산시 압량읍 압독3로 15 (신대리) 1층
뚜레쥬르 부산대학교,,부산광역시 금정구 금정로 72 (장전동) .
뚜레쥬르 광주운암,,"광주광역시 북구 북문대로 88 (운암동,운암2차남양휴튼) 상가 102호"
뚜레쥬르 파주운정비발디,,"경기도 파주시 가람로116번길 128 (와동동,가람마을7단지 한라비발디) 아파트상가 101,1"
뚜레쥬르 영종운서,,"인천광역시 중구 넙디로 38 (운서동) 103호,104호"
뚜레쥬르 운정해오름,,"경기도 파주시 해올1길 7 104, 105호(다율동)"
뚜레쥬르 종암,,"서울특별시 성북구 종암로3길 18 (종암동,낙원빌딩) 1층 뚜레쥬르"
뚜레쥬르 마포역,,"서울특별시 마포구 삼개로 16 (도화동,근신빌딩) 1층"
뚜레쥬르 익산제일,,"전북특별자치도 익산시 고봉로32길 40 (영등동,조이미용실) 1층 뚜레쥬르"
뚜레쥬르 오산대역,,경기도 오산시 내삼미로 83 (수청동) 센타프라자 104호
뚜레쥬르 산곡푸르지오,,인천광역시 부평구 마장로324번길 82 (산곡동) 1층 뚜레쥬르
뚜레쥬르 화정중앙,,"경기도 고양시 덕양구 화중로 32-31 (화정동,효원빌딩) 1층"
뚜레쥬르 백련산힐스테이트,,"서울특별시 은평구 백련산로2길 19 (응암동,백련산힐스테이트1차) (응암동,백련산힐스테이트1차"
뚜레쥬르 부산동래래미안,,"충렬대로 107번길 65, 317동 상가 113-114호"
뚜레쥬르 영천망정,,경북 영천시 망정1길 140 1층
뚜레쥬르 의정부센트럴,,"경기도 의정부시 평화로 446(의정부동, 신영빌딩) 1층 101호 뚜레쥬르"
뚜레쥬르 거제수양아이파크,,"경상남도 거제시 수양로 110 (양정동,거제2차IPARK) B405/406"
뚜레쥬르 전주만성,,전북특별자치도 전주시 덕진구 만성중앙로 54-47 (만성동) 뚜레쥬르 전주만성점
뚜레쥬르 의정부민락,,"경기도 의정부시 오목로 205번길 39(민락동) 1층 111호, 112호 뚜레쥬르"
뚜레쥬르 대구두산,,대구광역시 수성구 청수로24길 59 (두산동) 101호
뚜레쥬르 순천왕지유심천,,전남 순천시 조례동 1832-12
뚜레쥬르 울산구영,,울산광역시 울주군 범서읍 대리2길 57 (구영리) .
뚜레쥬르 송도호반에듀시티,,"인천광역시 연수구 랜드마크로 110 (송도동,호반베르디움EDUCITY) 116,117호"
뚜레쥬르 북위례,,경기도 하남시 위례학암로 19 (학암동) 1층
뚜레쥬르 평촌자이아이파크,,경기 안양시 동안구 비산로 18 상가1동
뚜레쥬르 광주양산호반,,광주광역시 북구 양산동 18-3번지호반리젠시빌아파트상가109호
뚜레쥬르 진도,,전라남도 진도군 진도읍 남동1길 64
뚜레쥬르 청주산남계룡,,"충청북도 청주시 서원구 산남로 22 (산남동,산남렉슬Ⅱ) 1층"
뚜레쥬르 울산언양교동,,울산광역시 울주군 삼남면 남상평2길 44 (교동리)
뚜레쥬르 광주농성영무,,광주광역시 서구 상무대로1147번길 7 101호
뚜레쥬르 울산야음롯데,,울산광역시 남구 중앙로 22 (야음동) 1층
뚜레쥬르 옥포,,대구광역시 달성군 옥포읍 돌미로 67 (교항리) 104호
뚜레쥬르 제주도련,,제주특별자치도 제주시 연삼로 974 (도련이동) 1층
뚜레쥬르 거여역,,"서울특별시 송파구 오금로 512 (거여동,거여역2차쌍용아파트) 1층 104호 뚜레쥬르"
뚜레쥬르 개화산역,,"서울특별시 강서구 양천로10길 38 (방화동,신마곡벽산블루밍) 판매시설2동 106동 102호"
뚜레쥬르 익산장신휴먼시아,,전북특별자치도익산시 오산면 군익로 411
뚜레쥬르 내포하나로마트,,"충청남도 예산군 삽교읍 예목로 171 (신리,삽교농협내포농수산물종합유통센터) 1층 뚜레쥬르"
뚜레쥬르 충북단양,,"충청북도 단양군 단양읍 삼봉로 293-1 (도전리,명진당) 1층 뚜레쥬르 충북단양점"
뚜레쥬르 세종부강,,세종특별자치시 부강면 부강로 47 (부강리) 1층
뚜레쥬르 전주하가,,"전북특별자치도 전주시 덕진구 가리내로 262 블루오션빌딩 102,103 뚜레쥬르 전주하가점"
뚜레쥬르 나사렛국제병원,,"인천광역시 연수구 앵고개로 248 (동춘동,로얄빌딩) 1층뚜레쥬르"
뚜레쥬르 제주일도,,제주시 고마로 113
뚜레쥬르 부산재송,,부산광역시 해운대구 재반로125번길 2 (재송동) 1층
뚜레쥬르 제천장락주공,,충청북도 제천시 장락로 129 (장락동) 1층
뚜레쥬르 천안두정포레나,,충청남도 천안시 서북구 북일로 6 (두정동) 1층
뚜레쥬르 수성3가캐슬,,"대구광역시 수성구 명덕로 455 (수성동3가,수성3가롯데캐슬아파트) 101동 113호"
뚜레쥬르 김포풍무,,"경기도 김포시 풍무로 62 (풍무동) 101,102,103호"
뚜레쥬르 송도더테라스,,"인천광역시 연수구 센트럴로 415 (송도동,힐스테이트송도더테라스) 송도더테라스상가 126,"
뚜레쥬르 용현독정이,,인천광역시 미추홀구 인주대로 178 (용현동) 1층 뚜레쥬르
뚜레쥬르 마포용강,,"서울특별시 마포구 토정로31길 23 (용강동,래미안마포리버웰) 104호"
뚜레쥬르 광주수완장덕,,광주광역시 광산구 장덕동 1067 1층 뚜레쥬르
뚜레쥬르 테크노유가,,대구광역시 달성군 유가읍 테크노상업로4길 12 (봉리) 뚜레쥬르 테크노유가점
뚜레쥬르 김포마송,,경기도 김포시 김포대로 2231 104호 105호
뚜레쥬르 부산광안,,부산광역시 수영구 광안해변로 282 (민락동) 1층
뚜레쥬르 망우역,,서울특별시 중랑구 망우로 346 한일써너스빌1층 뚜레쥬르
뚜레쥬르 포항흥해,,경상북도 포항시 북구 흥해읍 흥해로 48-2 (남성리)
뚜레쥬르 사가정역,,"서울특별시 중랑구 사가정로 398 (면목동,JS빌딩) 서울특별시 중랑구 면목동 611-5"
뚜레쥬르 양산통도사,,경상남도 양산시 하북면 월평로 36
뚜레쥬르 장유팔판마을,,경상남도 김해시 덕정로 95 (관동동) 105호(관동동)
뚜레쥬르 이마트통일동산,,경기도 파주시 탄현면 사슴벌레로73번길 51 (법흥리) 이마트에브리데이
뚜레쥬르 대구연경,,"대구광역시 동구 동화천로77길 2 (지묘동,다올빌딩) 1층 뚜레쥬르 대구연경"
뚜레쥬르 부천복사골,,"경기도 부천시 장말로 102 (상동,반달마을삼익아파트) 110호"
뚜레쥬르 광주수완롯데,,광주광역시 광산구 장신로 82 (장덕동) 1층
뚜레쥬르 대청역,,"서울특별시 강남구 일원로 37 (일원동,하나은행 일원중앙) 1층 뚜레쥬르"
뚜레쥬르 청주남문,,"충청북도 청주시 상당구 남사로 137 (남문로2가,연합비뇨기과의원) 1층"
뚜레쥬르 부천순천향병원,,"경기도 부천시 조마루로 170 (중동,순천향대학교부천병원) 지하 1층"
뚜레쥬르 대전용운포레,,대전광역시 동구 용운로 172 (용운동) 1층
뚜레쥬르 동대전하나로마트,,"대전광역시 동구 계족로 63 (인동,동대전농협) 뚜레쥬르"
뚜레쥬르 방이역,,"서울특별시 송파구 양재대로72길 5 (오금동,올림픽파크센트레빌) 101-1"
뚜레쥬르 분당두산타워,,"경기도 성남시 분당구 정자일로 155 (정자동,분당두산타워) N동 지하 1층"
뚜레쥬르 광장힐스테이트,,"서울특별시 광진구 아차산로 537-17 (광장동,광장힐스테이트) 1층"
뚜레쥬르 제천비둘기,,충청북도 제천시 청전대로 167-1 (청전동) 뚜레쥬르
뚜레쥬르 김해외동,,경상남도 김해시 금관대로 1212 (외동) 1층
뚜레쥬르 강동강일,,"서울특별시 강동구 아리수로93나길 38 (강일동,아이메디컬) 114-115호"
뚜레쥬르 제주화순,,제주특별자치도 서귀포시 화순로 119
뚜레쥬르 수락산역,,"서울특별시 노원구 동일로 1700 (상계동,토마토파르코) 1층"
뚜레쥬르 포항유강,,경상북도 포항시 남구 연일읍 유강길17번길 13-1 (유강리) A동 1층
뚜레쥬르 경남의령,,경남 의령군 의령읍 행복로 8
뚜레쥬르 인하대역,,인천광역시 미추홀구 독배로317번길 29 (용현동) 1층 뚜레쥬르
뚜레쥬르 구미문성,,경상북도 구미시 고아읍 문성로 34 (문성리) 문성2지구 도새가발구역1B-2L 1층
뚜레쥬르 천안쌍용동일,,충청남도 아산시 배방읍 장재로 62 (장재리) 1층 뚜레쥬르
뚜레쥬르 순천조례골드,,"전라남도 순천시 태봉길 31, 211동 1층"
뚜레쥬르 창원상남광장,,"경상남도 창원시 성산구 마디미로37번길 3 (상남동,신우드림타운) 106호"
뚜레쥬르 청주비하계룡,,충청북도 청주시 흥덕구 2순환로1168번길 26 (비하동) 1층 뚜레쥬르
뚜레쥬르 세종아름,,"세종특별자치시 보듬3로 143 (아름동,대영프라자) 105호"
뚜레쥬르 광주백운,,광주광역시 남구 독립로 18 1층
뚜레쥬르 평택서정,,경기도 평택시 점촌로19번길 60 (서정동) 뚜레쥬르
뚜레쥬르 서충주신도시,,충청북도 충주시 중앙탑면 원앙4길 21 (용전리) 1층 뚜레쥬르
뚜레쥬르 충주호암신도시,,"충청북도 충주시 호암수청1로 47 (호암동) 103호, 104호"
뚜레쥬르 제주이도베라체,,제주특별자치도 제주시 승천로 83
뚜레쥬르 회기역,,"서울특별시 동대문구 이문로 37 1층 102호 (회기동, 회기역 한일베라체캠퍼스)"
뚜레쥬르 창원중동,,경상남도 창원시 의창구 평산로207번길 4 (서상동) 1층 뚜레쥬르 창원중동점
뚜레쥬르 녹번역,,서울특별시 은평구 은평로 240 (응암동) 240
뚜레쥬르 도봉한신,,서울특별시 도봉구 도봉로180나길 34 (도봉동) 뚜레쥬르 도봉한신점
뚜레쥬르 대구범물,,"대구광역시 수성구 지범로 175 (지산동,지산빌딩) 1층 뚜레쥬르"
뚜레쥬르 충남청양,,충청남도 청양군 청양읍 중앙로7길 36 (읍내리) 1층 뚜레쥬르
뚜레쥬르 대구효성,,대구시 남구 신촌2길 3 (봉덕동)
뚜레쥬르 양평공흥,,"경기도 양평군 양평읍 시민로 68, 1층"
뚜레쥬르 포항중앙,,경상북도 포항시 북구 중앙로 288 (상원동) 1층
뚜레쥬르 일산중산마을,,경기도 고양시 일산동구 중산로 252 (중산동) 1층
뚜레쥬르 울산송정,,"울산광역시 북구 박상진13로 20 (송정동) 1층 108,109호"
뚜레쥬르 분당서울대병원점,,"경기도 성남시 분당구 구미로173번길 82 (구미동,분당서울대학교병원) 1동 지하1층"
뚜레쥬르 묵동자이,,서울특별시 중랑구 동일로 932
뚜레쥬르 인천효성,,인천광역시 계양구 봉오대로 613 104호(효성동)
뚜레쥬르 평촌어바인퍼스트,,경기도 안양시 동안구 경수대로 567 (호계동) 풍천빌딩 1층
뚜레쥬르 용인흥덕,,경기도 용인시 기흥구 흥덕중앙로 55 리써밋타워 114호
뚜레쥬르 향남2지구,,경기도 화성시 향남읍 상신하길로298번길 7-29 (하길리)
뚜레쥬르 김포향산,,경기도 김포시 고촌읍 상미1로 7 (힐스테이트리버시티2단지 근린생활시설(나)동 B11
뚜레쥬르 대전을지대병원,,"대전광역시 서구 둔산서로 95 (둔산동,을지대학병원) 지하1층"
뚜레쥬르 일산백마,,"경기도 고양시 일산동구 일산로 208 (마두동,한일파킹타운) 101,102호"
뚜레쥬르 광주서방,,광주광역시 북구 동문대로 2 (풍향동) 1층
뚜레쥬르 병점중심상가,,"경기도 화성시 효행로 1068 (병점동,리더스프라자) 104~106호"
뚜레쥬르 대구가톨릭대학교의료원,,"대구광역시 남구 두류공원로17길 33 (대명동,대구가톨릭의과대학병원) 지하 층"
뚜레쥬르 배명사거리,,서울특별시 송파구 백제고분로 275
뚜레쥬르 대산하나로마트,,충청남도 서산시 대산읍 충의로 2001 (대산리) 대산하나로마트 1층
뚜레쥬르 광명아울렛,,"경기도 광명시 하안로287번길 8 (하안동,뉴코아아울렛) 뉴코아아울렛 지하 1층"
뚜레쥬르 광주탄벌,,경기도 광주시 포돌이로 4 (탄벌동) 1층 뚜레쥬르 광주탄벌
뚜레쥬르 전남광양마동,,전라남도 광양시 사동로 203 1층
뚜레쥬르 안양호계현대,,"경기도 안양시 동안구 경수대로 454 (호계동,유환프라자) 103호"
뚜레쥬르 부산해운대마린,,"부산광역시 해운대구 마린시티3로 37 (우동,한일오르듀) 1층"
뚜레쥬르 서울역사,,"서울특별시 용산구 한강대로 405 (동자동,서울역(철도역)) 서울역사 2층"
뚜레쥬르 부산용당,,부산광역시 남구 유엔평화로 143 (용당동) .
뚜레쥬르 경주금장,,경상북도 경주시 현곡면 용담로 174 (금장리) 109호 뚜레쥬르
뚜레쥬르 장안교,,서울특별시 동대문구 사가정로 229 (장안동) 1층 뚜레쥬르
뚜레쥬르 옥천양수,,"충청북도 옥천군 옥천읍 양수로 23-7 (양수리) 101,102호"
뚜레쥬르 창원유니시티,,"경상남도 창원시 의창구 중동로 60 (중동,창원중동유니시티4단지) 상가 113호"
뚜레쥬르 광주효천블랙데이,,광주광역시 남구 효우로 200 (행암동) 블랙데이 1층
뚜레쥬르 부산명장,,부산광역시 동래구 반송로339번길 17 (명장동) 1층
뚜레쥬르 부산부전역,,"부산광역시 부산진구 중앙대로 797 삼정 그린코아 더시티 1층, 103호"
뚜레쥬르 고촌캐슬파밀리에,,"경기도 김포시 고촌읍 태리로 236 김포캐슬앤파밀리엔시티 1단지 단지내 상가 109,110"
뚜레쥬르 성남하나로마트,,"경기도 성남시 분당구 성남대로43번길 11 (구미동,농수산물종합유통센터) 1층 뚜레쥬르"
뚜레쥬르 창동역,,서울특별시 도봉구 노해로63길 84-10 (창동) 1층 뚜레쥬르
뚜레쥬르 창원대방,,"경상남도 창원시 성산구 창이대로881번길 9 (대방동,다성빌딩)"
뚜레쥬르 율하2지구,,"경남 김해시 장유동874-1 103호 장유동, 슈가빌딩"
뚜레쥬르 두암미라보,,광주광역시 북구 군왕로 157 (두암동) 1층
뚜레쥬르 포항창포,,경상북도 포항시 북구 창흥로 26 (창포동)
뚜레쥬르 울산다운,,울산광역시 중구 운곡길 1 (다운동) 1층
뚜레쥬르 이천터미널,,경기도 이천시 이섭대천로 1200 외 1필지 이천터미널내 1층 (중리동)
뚜레쥬르 고덕그라시움,,"서울특별시 강동구 고덕로 353 (고덕동,고덕그라시움아파트(상가1동)) 102~104호"
뚜레쥬르 창원대산,,경상남도 창원시 의창구 대산면 주남로 540-15 (제동리) 1층
뚜레쥬르 대전롯데,,대전광역시 서구 계룡로 633-0 국일빌딩1층 (탄방동)
뚜레쥬르 에스포항병원,,"경상북도 포항시 남구 희망대로 352 (이동,에스포항병원) 지하 1층"
뚜레쥬르 청주율량,,충청북도 청주시 청원구 율봉로 178 (율량동) 1층 뚜레쥬르
뚜레쥬르 카페별내미리내,,경기도 남양주시 별내5로5번길 61 (별내동) 1층
뚜레쥬르 서청주파크자이,,"충청북도 청주시 흥덕구 청향로9번길 40-6 (비하동,엄지어린이집) 충청북도 청주시 청향로 9번길"
뚜레쥬르 구로디지털직영점,,"서울특별시 구로구 디지털로32길 79 (구로동,조영빌딩) 1층 뚜레쥬르"
뚜레쥬르 순천선평,,전남 순천시 서면 선평리 234-5 1층
뚜레쥬르 부산하단역,,부산광역시 사하구 낙동남로 1391 (하단동)
뚜레쥬르 순천연향3지구,,전남 순천시 연향동 1686-3
뚜레쥬르 마산합포중앙,,"경상남도 창원시 마산합포구 3·15대로 192 (중앙동2가,중앙동메디칼) 1층"
뚜레쥬르 대전관저더샵,,"대전광역시 서구 관저로14번길 40 (관저동,비젼9) 대전광역시 서구 관저로14번길 40 비젼"
뚜레쥬르 제천고암,,충청북도 제천시 용두천로46길 35 (고암동) 1층 뚜레쥬르
뚜레쥬르 목포대성,,전라남도 목포시 청호로 96 (산정동) 1층 뚜레쥬르
뚜레쥬르 다산진건,,"경기도 남양주시 다산중앙로123번길 22-30 (다산동) 다산헤리움그랑비스타 2차 121,122,1"
뚜레쥬르 대구남산,,"대구광역시 중구 남산로7길 7 (남산동,남산역화성파크드림) 남산역화성파크드림 제302동 1"
뚜레쥬르 제주한림,,제주도 제주시 한림읍 명랑로4길 27 1층
뚜레쥬르 창원북면,,경상남도 창원시 의창구 북면 감계로110번길 59 (감계리) 1층 뚜레쥬르 창원북면점
뚜레쥬르 천안쌍용역,,충청남도 천안시 서북구 충무로 143-7 (쌍용동) 뚜레쥬르 천안쌍용역점
뚜레쥬르 경북영천,,경상북도 영천시 충효로 48 (문외동) 1층 (문외동)
뚜레쥬르 현풍테크노,,대구광역시 달성군 현풍읍 테크노상업로 46 (중리) (중리 489)
뚜레쥬르 충북광혜원,,"충청북도 진천군 광혜원면 장기길 92 (광혜원리,경희우리한의원) 뚜레쥬르 충북광혜원"
뚜레쥬르 청주터미널,,충청북도 청주시 흥덕구 풍산로 6 (가경동) 청주시외버스터미널 내 뚜레쥬르
뚜레쥬르 울산호계엘리야병원,,울산광역시 북구 호계로 285 (호계동) 1층
뚜레쥬르 용인데이파크,,"경기도 용인시 수지구 성복2로 51 (성복동,데이파크) 데이파크B동 103,104호"
뚜레쥬르 올림픽공원역,,"서울특별시 송파구 양재대로 1222 (방이동,올림픽프라자) 제1층 30,31,32,33"
뚜레쥬르 마산중리,,경상남도 창원시 마산회원구 내서읍 광려천동로 28
[휴점]뚜레쥬르 부산명지더샵,,"부산광역시 강서구 명지국제7로 37 명지동,더샵 명지퍼스트월드 2단지"
뚜레쥬르 광주금호운천,,"광주광역시 서구 운천로 129 (쌍촌동) 화진빌딩 101,102호"
뚜레쥬르 양주옥정역,,"경기도 양주시 옥정로 226 (옥정동) 제일타워 106, 107"
뚜레쥬르 경주용황,,경상북도 경주시 용황구획4길 25 (용강동) 뚜레쥬르 경주용황
뚜레쥬르 창동대우,,서울특별시 도봉구 덕릉로63가길 60 (창동) .
뚜레쥬르 경남함양,,"경상남도 함양군 함양읍 운림길 24 (운림리,큐마트) 큐마트 뚜레쥬르"
뚜레쥬르 포항자이,,"경상북도 포항시 남구 상도남로 7 (대잠동,포항자이) 상가1동 1층 1101-1102호"
뚜레쥬르 카페석남,,인천광역시 서구 가정로 246 (석남동) 105호
뚜레쥬르 전남광양칠성,,"전남 광양시 광양읍 서평로 43, 1층(광양읍) 1층"
뚜레쥬르 울산문수아이파크,,울산광역시 남구 동산로 48 (신정동) 1층
뚜레쥬르 대전도안봉명,,"대전광역시 유성구 계룡로132번길 10 (봉명동,도안센트럴프라자) 1층 뚜레쥬르"
뚜레쥬르 경주동국대,,경상북도 경주시 동대로 6 (성건동) 뚜레쥬르 경주동국대점
뚜레쥬르 창원팔용아티움,,경상남도 창원시 의창구 창원대로397번길 11 (팔용동) 102호
뚜레쥬르 잠실새내,,"서울특별시 송파구 올림픽로12길 48 (잠실동,씨밀레) 1층 뚜레쥬르"
뚜레쥬르 경주안강,,경상북도 경주시 안강읍 비화동길 1 (안강리) 뚜레쥬르 경주안강점
뚜레쥬르 동탄메타폴리스,,경기 화성시 동탄중앙로 200 202호
뚜레쥬르 강동홈플러스,,"서울특별시 강동구 양재대로 1571 (천호동,천호복합상업시설) 홈플러스 강동점 1층"
뚜레쥬르 의왕내손,,"경기도 의왕시 내손중앙로4 벨포레스퀘어 G104,G105호"
뚜레쥬르 제주이도이동,,제주특별자치도 제주시 중앙로 273 (이도이동) 1층 105호 뚜레쥬르
뚜레쥬르 천호역,,"서울특별시 강동구 천호대로 1027 (천호동,동원천호빌딩) 동원빌딩"
뚜레쥬르 홍성의료원,,충청남도 홍성군 홍성읍 조양로 229 (고암리) 1층 뚜레쥬르
뚜레쥬르 상월곡역,,"서울특별시 성북구 화랑로 186 (석관동,수정빌딩) 186-0"
뚜레쥬르 거창스카이,,"경상남도 거창군 거창읍 수남로 2233 (김천리,SKYCITY할인점) SKYCITY할인점내"
뚜레쥬르 대전도안상대,,대전광역시 유성구 상대동로 34 (상대동) 뚜레쥬르
뚜레쥬르 광주문흥2호,,광주광역시 북구 서하로 389 (문흥동) 1층뚜레쥬르
뚜레쥬르 염창역,,"서울특별시 양천구 공항대로 630 (목동,어바니엘) 1층"
뚜레쥬르 구미옥계,,경상북도 구미시 옥계북로 9 (옥계동) 890-4 1층
뚜레쥬르 용인파머스마켓,,"경기도 용인시 처인구 금령로55번길 3 (김량장동,농협파머스) 용인농협 파머스마켓1층"
뚜레쥬르 여주대로데오,,경기도 여주시 세종로 278
뚜레쥬르 김포구래,,"경기도 김포시 김포한강9로 80 (구래동) 101,102호"
뚜레쥬르 부산반송,,"부산광역시 해운대구 신반송로 193 (반송동,신정빌딩) 1층"
뚜레쥬르 김해중앙병원,,"경상남도 김해시 분성로 94-7 (외동,김해중앙병원) 2층"
뚜레쥬르 진부중앙,,강원특별자치도 평창군 진부면 경강로 3615-1
뚜레쥬르 역삼역,,"서울특별시 강남구 테헤란로20길 9 (역삼동,동궁빌딩) 1층"
뚜레쥬르 인천동수역,,"인천광역시 부평구 경인로 883 (부평동,재현빌딩) 1층"
뚜레쥬르 여수죽림,,전라남도 여수시 소라면 죽림로 7 (죽림리) 1층 뚜레쥬르
뚜레쥬르 광주매곡,,광주광역시 북구 매곡로 85 (매곡동) 1층 뚜레쥬르
뚜레쥬르 산본역센트로,,"경기도 군포시 산본천로 56 (산본동,센트로601오피스텔) 114, 115호"
뚜레쥬르 광주선운,,광주광역시 광산구 선운중앙로 56 (선암동) 1층 뚜레쥬르
뚜레쥬르 이천송정,,경기도 이천시 증신로291번길 137 (송정동) 1층 뚜레쥬르 이천송정점
뚜레쥬르 구수동,,서울특별시 마포구 토정로 190 (구수동) 뚜레쥬르 구수동
뚜레쥬르 상일동역,,서울 강동구 고덕로 390
뚜레쥬르 대구매천,,대구광역시 북구 학정로 38 (태전동) 1층 뚜레쥬르
뚜레쥬르 포항쌍용,,경상북도 포항시 북구 중흥로 126 (죽도동) 1층 뚜레쥬르
뚜레쥬르 카페중곡,,서울특별시 광진구 능동로 373 (중곡동) 1층
뚜레쥬르 동인천역,,"인천광역시 중구 자유공원로 3-12 (인현동,잇츠스킨,까까머리) 1층.2층"
뚜레쥬르 제주노형한라,,제주도 제주시 진군남4길 7-1
뚜레쥬르 목포하당,,전라남도 목포시 원형로 44-2 (상동) 1층
뚜레쥬르 카페수유역,,서울특별시 강북구 도봉로 322-1 (번동) 322-1
뚜레쥬르 문래역,,"서울특별시 영등포구 문래로20길 14 (문래동3가,문래공원한신아파트) 한신상가 108호, 109"
뚜레쥬르 강릉포남동,,강원특별자치도 강릉시 하평길 46 (포남동)
뚜레쥬르 부산다대현대,,"부산광역시 사하구 다대로 473 (다대동,다대포현대아파트) 맘모스상가 1층"
뚜레쥬르 카페연신내,,"서울특별시 은평구 통일로 815 (대조동,성보빌딩) 1층"
뚜레쥬르 카페고양삼송,,경기도 고양시 덕양구 덕수천1로 64 (삼송동) 1층 뚜레쥬르
뚜레쥬르 여주터미널,,경기도 여주시 세종로 81 (홍문동) 1층
뚜레쥬르 양산덕계두산,,경상남도 양산시 덕명로 57 (덕계동) 두산아파트 상가
뚜레쥬르 예수병원,,전북특별자치도 전주시 완산구 서원로 365(중화산동1가) 서원로 365(중화산동1가)
뚜레쥬르 충남보령죽정,,충남 보령시 지장골길 79(죽정동) 1층 뚜레쥬르
뚜레쥬르 천안목천,,"충청남도 천안시 동남구 목천읍 충절로 869 (신계리) 104호, 105호"
뚜레쥬르 여수웅천,,전라남도 여수시 웅천중앙로 85 (웅천동) 1층 뚜레쥬르
뚜레쥬르 화순하나로마트,,전남 화순군 화순읍 쌍충로 74
뚜레쥬르 대구금호,,대구광역시 북구 내곡로 71 (사수동) 사수동 793번지
뚜레쥬르 영도미라주,,부산광역시 영도구 동삼로 89 (동삼동) 1층
뚜레쥬르 헬리오시티,,"서울특별시 송파구 송파대로 345 (가락동) 1B동 1109호, 1110호, 1120호 ("
뚜레쥬르 전북도청,,"전북특별자치도 전주시 완산구 홍산남로 60 (효자동2가) 1층 103호, 104호"
뚜레쥬르 부산안락,,"부산광역시 동래구 안연로 75 (낙민동,스카이빌) 1층"
뚜레쥬르 부산문현금융단지,,부산광역시 남구 문현금융로 22 (문현동) 1층
뚜레쥬르 카페역삼,,서울특별시 강남구 테헤란로8길 21 (역삼동) 강남화인빌딩 1층
뚜레쥬르 진접반도,,"경기도 남양주시 진접읍 해밀예당3로 138 (금곡리,반도프라자) 109호"
뚜레쥬르 충북옥천,,"충청북도 옥천군 옥천읍 문장로 88-10 (장야리,소매점) 뚜레쥬르 충북옥천"
뚜레쥬르 우장산역,,서울특별시 강서구 강서로 254 상가동 1층 116~117호
뚜레쥬르 구미형곡중앙,,경북 구미시 형곡로 187 (형곡동)
뚜레쥬르 카페구월로데오,,"인천광역시 남동구 인하로 497-5 (구월동,푸른세상안과) 1층 뚜레쥬르 카페구월로데오점"
뚜레쥬르 가재울,,"서울특별시 서대문구 가재울미래로 2 (남가좌동,DMC파크뷰자이) 아파트상가 101"
뚜레쥬르 카페이태원역,,서울특별시 용산구 이태원로 199(이태원동)
뚜레쥬르 카페외대앞역,,서울특별시 동대문구 외대역동로 67 (휘경동) 1층
뚜레쥬르 카페오금역,,"서울특별시 송파구 오금로 307 (오금동,르네상스빌) 1층"
뚜레쥬르 충남보령한내대로,,충청남도 보령시 작은오랏4길 15-22 (동대동) 충청남도 보령시 작은오랏4길 15-22 1
뚜레쥬르 카페정읍수성,,전북특별자치도 정읍시 수성택지5길 24-8 (수성동) 1층
뚜레쥬르 세종대평,,"세종특별자치시 한누리대로 2257 (대평동,판타지타워) 114,115호"
뚜레쥬르 미사강변,,"경기도 하남시 미사강변대로 70 (풍산동,해오름프라자) 104,105,106호"
뚜레쥬르 포천가산농협,,"경기도 포천시 가산면 선마로 233 (마산리,가산농협) 233"
뚜레쥬르 진해자은벚꽃,,경상남도 창원시 진해구 냉천로 164 (자은동) 1층 뚜레쥬르
뚜레쥬르 평택역사,,경기도 평택시 평택로 61 (평택동) 평택역 뚜레쥬르
뚜레쥬르 진해이동중앙,,"경상남도 창원시 진해구 진해대로 762 (석동,롯데마트) 543-5 진해미래쇼핑센터 1층"
뚜레쥬르 충주신연수,,"충청북도 충주시 연수동산로 2 (연수동,골드프라자) 1층 뚜레쥬르"
뚜레쥬르 광주터미널,,광주광역시 서구 무진대로 932 광주유스퀘어 내 1층
뚜레쥬르 양산평산,,"경상남도 양산시 평산로 39 (평산동,서해검도관) 1층 뚜레쥬르 양산평산점"
뚜레쥬르 제주외도,,제주특별자치도 제주시 우정로 77 (외도일동) 1층
뚜레쥬르 양평서종,,경기도 양평군 서종면 무내미길 46 (문호리) 1층
뚜레쥬르 양산물금역,,"경상남도 양산시 물금읍 황산로 371 (물금리) 채움애비뉴 1층 107호,108호"
뚜레쥬르 한일병원,,"서울특별시 도봉구 우이천로 308 (쌍문동,한일병원) 1층"
뚜레쥬르 부평청천,,인천광역시 부평구 세월천로 51 (산곡동) 1층 뚜레쥬르
뚜레쥬르 구의1동,,"서울특별시 광진구 자양로18길 56 (구의동,거송빌딩) 1층"
뚜레쥬르 서울고속버스터미널,,"서울특별시 서초구 신반포로 194 (반포동,강남고속버스터미널) 경부선고속버스터미널 상가 1"
뚜레쥬르 미사역,,"경기도 하남시 미사강변동로 79 (망월동,미사역타워) 1층 뚜레쥬르"
뚜레쥬르 전남고흥,,"전라남도 고흥군 고흥읍 터미널길 3 (남계리) 유진빌딩 102, 103호"
뚜레쥬르 부산사직,,"부산광역시 동래구 사직로 16 (사직동,사직역삼정그린코아더베스트2차) 209동,210동"
뚜레쥬르 삼성역,,"서울특별시 강남구 영동대로85길 17 (대치동,우정에쉐르) 1층"
뚜레쥬르 부산중앙대로,,부산 중구 중앙대로 145 내일투어 1층(대창동2가)
뚜레쥬르 천안불당신도시,,"충청남도 천안시 서북구 불당25로 192 (불당동) 1층 118,119호(불당동)"
뚜레쥬르 대전충남대병원,,"대전광역시 중구 문화로 282 (대사동,충남대학교병원) 뚜레쥬르 충남대병원점"
뚜레쥬르 잠실,,서울특별시 송파구 석촌호수로 142 (삼전동) 빈즈빌딩
뚜레쥬르 광주첨단쌍암,,광주광역시 광산구 첨단중앙로 164(쌍암동)
뚜레쥬르 의정부신곡,,경기도 의정부시 동일로472번길 7 (신곡동) 1층 뚜레쥬르
뚜레쥬르 부산엄궁,,"부산광역시 사상구 엄궁로203번길 40 (엄궁동,송학빌딩) 1층"
뚜레쥬르 창원소답,,"경상남도 창원시 의창구 읍성로 77 (소답동) 102호, 103호"
뚜레쥬르 이화여대ECC,,"서울특별시 서대문구 이화여대길 52 (대현동,이화여자대학교) 이화여자대학교 ECC관B406"
뚜레쥬르 보성하나로마트,,전라남도 보성군 보성읍 현충로 92-42 (보성리) 뚜레쥬르 보성하나로마트
뚜레쥬르 파주금촌역,,"경기도 파주시 새꽃로 203 (금촌동,백운빌딩) 1층 뚜레쥬르"
뚜레쥬르 미가서창,,"인천광역시 남동구 서창남로 77 (서창동) 메인프라자 101호,102호"
뚜레쥬르 서울역KDB타워,,"서울특별시 용산구 한강대로 372 (동자동,센트레빌아스테리움서울) KDB 생명타워 지하 2"
뚜레쥬르 불광현대,,"서울특별시 은평구 불광로 60 (불광동,불광동라비앙프라자)"
뚜레쥬르 카페판교역,,경기도 성남시 분당구 분당내곡로 117 (백현동) 크래프톤타워 1층 106호
뚜레쥬르 용마산역,,서울특별시 중랑구 면목로 245 (면목동)
뚜레쥬르 도청신도시,,경상북도 예천군 호명면 행복로 229 (경북도청신도시우방아이유쉘센트럴)
뚜레쥬르 홍성내포극동,,"충청남도 홍성군 홍북읍 신대로 33 (신경리,극동스타클래스센트럴) 상가동 뚜레쥬르 홍성내포극동"
뚜레쥬르 세종소담,,"세종특별자치시 보람동로 14 (보람동,호려울마을8단지) 제상가5동 제1층 제503호"
뚜레쥬르 밀양미리벌,,경상남도 밀양시 미리벌중앙로5길 7 (삼문동) -
뚜레쥬르 수원판타지움,,경기도 수원시 영통구 덕영대로 1566 (영통동) 판타지움몰 1층
뚜레쥬르 마석라온,,"경기도 남양주시 화도읍 경춘보학1길 7 (녹촌리,남양주라온프라이빗4단지) 101호(라온프라이빗 4단"
뚜레쥬르 부개,,인천광역시 부평구 부개로 73 (부개동) 뚜레쥬르 부개점
뚜레쥬르 경산하양,,"경상북도 경산시 하양읍 하양로 69 (금락리,크레용빌) 1층"
뚜레쥬르 면목,,서울특별시 중랑구 면목로 430 (면목동) 뚜레쥬르 면목
뚜레쥬르 동탄영천,,경기도 화성시 지산2길 4-12 1층
뚜레쥬르 청주방서,,"충청북도 청주시 상당구 단재로 316 (방서동,청주센트럴자이) A동 111,112호 뚜레쥬르"
뚜레쥬르 울산옥동본점,,울산광역시 남구 문수로335번길 5(목동)
뚜레쥬르 까치산,,서울특별시 강서구 강서로18길 33 (화곡동) 1층
뚜레쥬르 청도휴게소(대구),,경상북도 청도군 청도읍 하지길 59-50 (거연리) (주)케이알산업 청도(상)휴게소 뚜레쥬르
뚜레쥬르 청도휴게소(부산),,경상북도 청도군 청도읍 하지길 59-49 (거연리) (주)케이알산업청도(하)휴게소 뚜레쥬르
뚜레쥬르 CJ ENM커머스부문점,,"서울특별시 서초구 과천대로 870-13 (방배동,(주)CJ오쇼핑) 뚜레쥬르 CJ ENM 커"
뚜레쥬르 연제이마트,,부산광역시 연제구 연수로 103 (연산동) 시청스마트더블유 아파트 1층
뚜레쥬르 부산화명,,"부산광역시 북구 금곡대로 238 (화명동,롯데캐슬멤버스아파트) 롯데캐슬멤버스아파트 상가동"
뚜레쥬르 신림사거리,,서울특별시 관악구 남부순환로 1619-1 (신림동) 1층
뚜레쥬르 부천옥길,,경기도 부천시 옥길로 56번길 24-22 옥길동
뚜레쥬르 동탄나루마을,,"경기도 화성시 동탄솔빛로 51 (반송동,인창프라자) 107, 108"
뚜레쥬르 장유신문,,경상남도 김해시 장유로334번길 18 (신문동) -
뚜레쥬르 아산터미널,,"충청남도 아산시 번영로 225 (모종동,아산시외버스터미널복합시설) 아산시외버스터미널內"
뚜레쥬르 광양중마사랑,,전라남도 광양시 오류2길 1 (중동) 103호
뚜레쥬르 서귀포하나로마트,,제주특별자치도 서귀포시 516로 40 (토평동) 1층
뚜레쥬르 여수학동,,전라남도 여수시 선소로 69 (학동) 1층 뚜레쥬르 여수학동점
뚜레쥬르 충남서천중앙,,"충청남도 서천군 서천읍 서천로 147 (사곡리,하영프라자) 하영프라자 1층"
뚜레쥬르 이츠마트석교,,대전광역시 중구 대종로224번길 28 (석교동) 뚜레쥬르 이츠마트 석교점
뚜레쥬르 동해,,강원특별자치도 동해시 천곡로 49 (천곡동) 1층 뚜레쥬르
뚜레쥬르 아산테크노밸리,,"충청남도 아산시 둔포면 아산밸리중앙로 58-5 (석곡리,아산테크노벨리이지더원2단지아파트) 뚜레쥬르"
뚜레쥬르 광주금남로,,광주광역시 동구 금남로 162-1 (금남로5가) 뚜레쥬르 광주금남로
뚜레쥬르 역촌2동,,서울특별시 은평구 갈현로 81 (역촌동)
뚜레쥬르 대전버드내,,"대전광역시 중구 태평로 15 (태평동,버드내마을아파트) 주상가 108호"
뚜레쥬르 대전낭월,,대전광역시 동구 산내로 1317 (낭월동) 뚜레쥬르 대전낭월점
뚜레쥬르 창원무동,,경상남도 창원시 의창구 북면 무동로226번길 8 (무동리) -
뚜레쥬르 대전노은월드코아,,"대전광역시 유성구 은구비로 36 (지족동,월드코아종합라이프상가) 1층 뚜레쥬르"
뚜레쥬르 침산명성푸르지오,,"대구광역시 북구 침산로 153 (침산동,명성푸르지오) 269-10번지 명성푸르지오아파트"
뚜레쥬르 상계,,서울특별시 노원구 덕릉로 669
뚜레쥬르 아산모종,,"충청남도 아산시 모종로22번길 7 (모종동,모종캐슬어울림1단지) 아파트 상가 뚜레쥬르"
뚜레쥬르 천안불당프라디움,,"충청남도 천안시 서북구 공원로 176 프라디움 3차 단지내상가 5호,6호"
매일산업송파1,,서울특별시 송파구 가락로 94 (석촌동)
뚜레쥬르 제천중앙,,충청북도 제천시 풍양로13길 14 (중앙로2가) 1층 뚜레쥬르
뚜레쥬르 당진기지시,,충청남도 당진시 송악읍 반촌로 98-1
뚜레쥬르 동탄카림애비뉴,,"경기도 화성시 동탄대로시범길 134 (청계동,시범반도유보라아이비파크4.0) 지1층 0029호"
뚜레쥬르 독립문역,,서울시 종로구 통일로 250
뚜레쥬르 카페복정역,,경기도 성남시 수정구 성남대로 1526(복정동)
뚜레쥬르 부산BIFC몰,,부산광역시 남구 문현금융로 40(문현동)
뚜레쥬르 연수우성2차,,인천광역시 원인재로 180
뚜레쥬르 구미확장,,경상북도 구미시 산동면 신당1로 24
뚜레쥬르 향남성지,,경기도 화성시 향남읍 행정중앙2로 33
뚜레쥬르 부산시민공원,,부산광역시 부산진구 새싹로 84(범전동)
뚜레쥬르 이마트오포신현,,경기도 광주시 문형산길 65
뚜레쥬르 온수역북부,,서울시 구로구 부일로 15길 33
뚜레쥬르 충주공판장,,충청북도 충주시 염밭로 118 118 충주공판장(교현동)
뚜레쥬르 용인죽전,,경기도 용인시 수지구 현암로 136
뚜레쥬르 동래허브스카이,,부산광역시 동래구 중앙대로 1523(온천동)
뚜레쥬르 강변프라임,,"서울특별시 광진구 광나루로56길 29 110호 (구의동, 프라임프라자)"
뚜레쥬르 아산배방모산,,"충남 아산시 배방읍 배방로 58-40 한성빌딩 108호, 109호"
뚜레쥬르 삼육병원,,서울특별시 동대문구 망우로 82
뚜레쥬르 카페답십리역,,서울시 동대문구 천호대로 281
뚜레쥬르 제주중문,,제주특별자치도 서귀포시 천제연로 198 1층(중문동)
뚜레쥬르 분당느티마을,,"경기도 성남시 분당구 느티로 71 101호 (정자동, 현대프라자)"
뚜레쥬르 롯데마트부평역,,인천광역시 부평구 광장로 16 부평민자역사 롯데마트 3층
뚜레쥬르 영주중앙,,경상북도 영주시 중앙로 78-0 (하망동)
뚜레쥬르 카페서판교,,경기도 성남시 분당구 운중로 249 (판교동)
뚜레쥬르 서귀포,,제주도 서귀포시 중정로 56-1
뚜레쥬르 신공항신도시,,"인천광역시 중구 흰바위로 41 105호 (운서동, 영종에어포트)"
뚜레쥬르 세종다정,,세종시 다정중앙로 58
뚜레쥬르 동대구역사,,대구광역시 동구 동대구로 550 동대구역사내 신맞이방
뚜레쥬르 증평하나로마트,,충청북도 증평군 광장로 27
뚜레쥬르 신촌로터리,,"서울특별시 마포구 서강로 137 (노고산동,신촌센트럴코업레지던스) 101,102호 뚜레쥬"
뚜레쥬르 호계아크로,,경기도 안양시 동안구 엘에스로 35
뚜레쥬르 둔촌동역,,서울특별시 강동구 양재대로 1355
뚜레쥬르 천안두정아크로텔,,충남 천안시 서북구 성정두정로 70
뚜레쥬르 장안,,서울 동대문구 답십리로 294
뚜레쥬르 대구대실,,대구광역시 달성군 다사읍 대실역남로 14
뚜레쥬르 김포북변,,"경기도 김포시 봉화로181번길 36 (감정동,삼환아파트) 105호"
뚜레쥬르 대구율하,,"대구광역시 동구 안심로22길 40,102~103호(율하동)"
뚜레쥬르 대구사월역,,대구광역시 수성구 달구벌대로 280 시지효성 백년가약상가 301동 (신매동)
뚜레쥬르 달성하나로클럽,,대구광역시 달성군 화원읍 성천로 9
뚜레쥬르 금호힐스테이트,,서울시 성동구 금호로 4길 2
뚜레쥬르 카페강남세곡,,서울시 강남구 헌릉로 569길 23
뚜레쥬르 인천송림,,"인천광역시 동구 송림로 113 1층 (송림동, 송영빌딩)"
뚜레쥬르 암사역,,서울 강동구 올림픽로 778
뚜레쥬르 제일제당센터점,,"서울특별시 중구 동호로 330 1층 (쌍림동, CJ제일제당빌딩)"
뚜레쥬르 고양하나로마트,,경기도 고양시 일산서구 대화로 362
뚜레쥬르 강릉강일,,강원특별자치도 강릉시 율곡로 2939-1(교동)
뚜레쥬르 강릉중앙시장,,강원특별자치도 강릉시 곶감전길 1-1 (성남동)
뚜레쥬르 신도림태영,,서울특별시 구로구 경인로59길 8 1층 뚜레쥬르
뚜레쥬르 경북영덕,,경상북도 영덕군 덕곡길 99
뚜레쥬르 구미현진,,경상북도 구미시 도봉로 76-61 (도량동)
뚜레쥬르 시화,,경기도 시흥시 중심상가4길 12
뚜레쥬르 건국대병원,,"서울시 광진구 능동로 120-1, 건국대학교병원 지하 1층"
뚜레쥬르 이시아폴리스,,대구광역시 동구 팔공로51길 31
뚜레쥬르 증산역,,서울특별시 서대문구 증가로 259
뚜레쥬르 전남구례,,전라남도 구례군 구례읍 봉성로 146
뚜레쥬르 원주관설,,강원특별자치도 원주시 치악고교길 21
뚜레쥬르 공덕역,,서울특별시 마포구 백범로 178-0 (공덕동)
뚜레쥬르 카페워커힐,,서울시 광진구 광장로 89
뚜레쥬르 포항두산위브,,경북 포항시 북구 새천년대로 1249번길 10-11
뚜레쥬르 당진터미널,,충남 당진시 밤절로 140 드림타워
뚜레쥬르 논산터미널,,충청남도 논산시 중앙로 410번길 13-4
뚜레쥬르 예산터미널,,충청남도 예산군 예산읍 역전로 124
뚜레쥬르 강남세브란스병원,,서울 강남구 언주로 211 강남세브란스 1동 B1층
뚜레쥬르 진영우리마트,,"경상남도 김해시 진영읍 본산로 9,1층"
뚜레쥬르 군산대,,전북특별자치도군산시 미제3길 2
뚜레쥬르 마천사거리,,서울특별시 송파구 마천로 269
뚜레쥬르 신연수,,"인천광역시 연수구 원인재로 310, 103호, 104호, 108호, 109호"
뚜레쥬르 대전중촌,,대전광역시 중구 목중로 24 1층 (중촌동)
뚜레쥬르 송도글로벌파크,,"인천 연수구 송도문화로 28번길 27,상가 1동 103,104,203호"
뚜레쥬르 대구신월성,,대구광역시 달서구 조암로 28(월성동)
뚜레쥬르 카페안암역,,서울특별시 성북구 인촌로24길 20
뚜레쥬르 전남벌교,,전라남도 보성군 벌교읍 시장2길 13
뚜레쥬르 여수돌산,,전라남도 여수시 돌산읍 강남로 64
뚜레쥬르 오창한라,,충청북도 청원군 오창읍 오창중앙로 96 한라비발디단지상가 106호
뚜레쥬르 양주덕계제일,,경기도 양주시 평화로 1437 1층(덕계동)
뚜레쥬르 안산크리스탈,,경기도 안산시 상록구 도매시장로 118
뚜레쥬르 충북보은,,충청북도 보은군 보은읍 삼산로 15
뚜레쥬르 수원영통중앙,,경기도 수원시 영통구 봉영로 1606
뚜레쥬르 관악농협하나로,,서울 관악구 남부순환로 1369 관악농협하나로마트
뚜레쥬르 영월중앙,,강원특별자치도 영월군 영월읍 중앙로 36
뚜레쥬르 사천,,경남 사천시 사천읍 평화리 163-13
뚜레쥬르 부산신항,,경남 창원시 진해구 신항4로 58 1351
뚜레쥬르 은평구청,,서울특별시 은평구 은평로 197 1층 뚜레쥬르 (
뚜레쥬르 천안신부,,충청남도 천안시 동남구 단대로 51
뚜레쥬르 대전월평다모아,,"대전광역시 서구 월평동로 83 상가 130호 (월평동, 다모아아파트)"
뚜레쥬르 제주삼화,,제주특별자치도 제주시 화북1동 1023-4
뚜레쥬르 구미신비로,,경상북도 구미시 신비로 95(공단동)
뚜레쥬르 서부산유통단지,,부산시 강서구 유통단지 1로 49번길 6
뚜레쥬르 인천불로창성,,인천광역시 서구 검단로 768번길 10 101호(불로창성프라자)
뚜레쥬르 밀양내이동,,경남 밀양시 백민로 81
[휴점]뚜레쥬르 김해구산로터리,,경남 김해시 가락로 260
뚜레쥬르 진주평거,,경남 진주시 평거로 7
뚜레쥬르 목포석현,,전라남도 목포시 텃골로 13번길 79
뚜레쥬르 오전중앙,,"경기도 의왕시 오전로 216 1,2호"
뚜레쥬르 강릉유천하나로,,강원특별자치도 강릉시 선수촌로 63번길 14-8
뚜레쥬르 신기,,인천광역시 미추홀대로 589
뚜레쥬르 경남창녕,,경상남도 창녕군 창녕읍 명덕로 91-1
뚜레쥬르 대전탄방역,,"대전광역시 서구 문정로 64, 101호(탄방동, 송림빌딩)"
뚜레쥬르 울산강동산하,,"울산 북구 산하 중앙3로 142, 서희스타힐스 상가"
뚜레쥬르 울산명촌,,울산시 북구 명촌로 43
뚜레쥬르 용산역사점,,서울특별시 용산구 한강대로 23길 55 용산민자역사 3층 맞이방
뚜레쥬르 예천중앙,,경상북도 예천군 중앙로 28-1
뚜레쥬르 하남풍산,,"경기도 하남시 덕풍동로 111-21 (KN몰 101, 101-1호)"
뚜레쥬르 목포용해,,전라남도 목포시 용당로 339
뚜레쥬르 정관방곡,,부산시 기장군 정관덕산길 44
뚜레쥬르 김해진영,,경남 김해시 진영읍 진영로 214
뚜레쥬르 대구성당,,대구광역시 남구 성당로 186 (대명동)
뚜레쥬르 중동펠리스카운티,,경기도 부천시 장말로 225 (중동) 뚜레쥬르
뚜레쥬르 대구혁신도시,,대구광역시 동구 이노밸리로 166 (각산동)
뚜레쥬르 소하동양,,"경기도 광명시 하안로 196 (소하동,동양아파트) 동양아파트상가 102호"
뚜레쥬르 카페서대문역,,서울 중구 통일로 102
뚜레쥬르 울산신정푸르지오,,울산광역시 남구 팔등로 63
뚜레쥬르 충주푸르지오,,충북 충주 봉현로 355
뚜레쥬르 카페서수원,,경기도 수원시 권선구 서부로 1822-55
뚜레쥬르 군산수송공원,,전북특별자치도군산시 수송동로 79
뚜레쥬르 춘천강북벨몽드,,강원특별자치도 춘천시 사우4길 36 (사농동) 1층
뚜레쥬르 경북신도청,,경상북도 안동시 풍천면 수호로 63
뚜레쥬르 양천향교역,,서울시 강서구강서로 463
뚜레쥬르 광주수완,,광주광역시 광산구 임방울대로 342
뚜레쥬르 칠곡석적,,경북 칠곡군 석적읍 유학로 36
뚜레쥬르 청주가경,,충청북도 청주시 흥덕구 가경로 155
뚜레쥬르 광주파라다이스,,"경기도 광주시 중앙로 206, 1층(송정동)"
뚜레쥬르 나주혁신중앙,,전남 나주시 빛가람동 348-1
뚜레쥬르 공주중앙,,충청남도 공주시 웅진로 173
뚜레쥬르 목감중앙,,경기도 시흥시 목감중앙로 53
뚜레쥬르 목포남악도청,,전라남도 무안군 삼향읍 남악2로 74번길 39
뚜레쥬르 대전관저,,대전광역시 서구 구봉로 137 밀리온빌딩 1차 106호
뚜레쥬르 장유내덕,,경남 김해시 금관대로 599번길 26
뚜레쥬르 카페검암1지구,,인천광역시 서구 승학로 470 1층
뚜레쥬르 응암오거리,,서울특별시 은평구 응암로 207
뚜레쥬르 소래포구역,,"인천광역시 남동구 소래역남로 10-0 104호, 105호 (논현동)"
뚜레쥬르 영등포역,,서울시 영등포구 경인로 836
뚜레쥬르 성남여수,,경기도 성남시 중원구 여수울로15번길 4-6 102호 (여수동)
뚜레쥬르 김천율곡,,경상북도 김천시 혁신4로 69
뚜레쥬르 카페안중송담,,경기도 평택시 안중읍 송담5길 65
뚜레쥬르 내포신도시,,충청남도 홍성군 홍북면 신경리 애향1길 1번지
뚜레쥬르 광명하안,,경기도 광명시 하안로 294-7 (한진빌딩)
뚜레쥬르 공덕해링턴점,,서울시 마포구 마포대로 92 B동 1층 1호
뚜레쥬르 기장교리,,부산광역시 기장군 기장읍 차성로 436
뚜레쥬르 양산서창,,경남 양산시 삼호1길 51
뚜레쥬르 율리역,,부산시 북구 학사로 299
뚜레쥬르 포항우현,,경상북도 포항시 북구 중앙로 419번길 24 (우현동)
뚜레쥬르 광주버들마을,,광주광역시 서구 상무버들로 35
뚜레쥬르 울산유곡혁신,,울산광역시 중구 종가 4길 13
뚜레쥬르 의성안계,,경상북도 의성군 안계면 안계길 165
뚜레쥬르 여수엑스포타운,,전남 여수시 박람회길 2042-1
뚜레쥬르 진주판문,,경상남도 진주시 진양호로 123 (평거동)
뚜레쥬르 구미구평,,경상북도 구미시 인동36길 24-2 (진평동)
뚜레쥬르 대구세천,,대구광역시 달성군 다사읍 세천로 157
뚜레쥬르 상주낙양,,경상북도 상주시 경상대로 2927-1 (낙양동)
뚜레쥬르 카페구리갈매,,경기도 구리시 산마루로 24 신성타워 104호
뚜레쥬르 수원정자시장,,경기도 수원시 장안구 수성로262번길 2 (영화동)
뚜레쥬르 홍천연봉,,강원특별자치도 홍천군 연봉로 32 강원 홍천군 홍천읍 연봉리 476-1번지
뚜레쥬르 안양비산대림,,경기도 안양시 동안구 관악대로 169
뚜레쥬르 부산센텀,,부산시 해운대구 우동 센텀중앙로 55
뚜레쥬르 개봉3동,,서울특별시 구로구 개봉로3길 35 (개봉동)
뚜레쥬르 과천중앙,,"경기도 과천시 별양상가1로 10 107호 (별양동, 과천타워)"
뚜레쥬르 카페시흥정왕,,경기도 시흥시 옥구상가 2길 3
뚜레쥬르 카페마산해안대로,,경남 창원시 마산합포구 해안대로 303
뚜레쥬르 카페거제상문,,경상남도 거제시 상동5길 115 (상동동)
뚜레쥬르 전주서곡,,전북특별자치도전주시 완산구 서곡로 55
뚜레쥬르 진천혁신도시,,충청북도 진천군 덕산면 시가로 14
뚜레쥬르 제주이도초교,,제주특별자치도 제주시 구남로4길 2-2
뚜레쥬르 카페광운대역,,서울시 노원구 월계동 석계로 105
뚜레쥬르 평택포승,,경기도 평택시 포승읍 여술로 20 (도곡리) 1층 뚜레쥬르
뚜레쥬르 부산부경대,,부산시 남구 용소로 38
뚜레쥬르 동백골드,,"경기도 용인시 기흥구 동백중앙로 283 B동 105호 (중동, 골드프라자)"
뚜레쥬르 제주노형오거리,,제주도 제주시 월랑로 15
뚜레쥬르 원주흥업,,강원특별자치도 원주시 흥업면 남원로 72
뚜레쥬르 노량진삼거리,,서울특별시 동작구 장승배기로 169 (노량진동)
뚜레쥬르 카페구리수택,,경기도 구리시 체육관로74번길 23 삼화빌딩
뚜레쥬르 간석벽산,,인천 남동구 호구포로 898
뚜레쥬르 대전법동,,대전광역시 대덕구 동춘당로 167(법동)
뚜레쥬르 진해북원로터리,,경남 창원시 진해구 여명로 5
뚜레쥬르 제주모슬포,,제주특별자치도 서귀포시 대정읍 동일하모로179번길 9-2
뚜레쥬르 독립문,,"서울특별시 서대문구 통일로 191, 1층 (영천동)"
뚜레쥬르 곤지암,,경기도 광주시 곤지암읍 곤지암로 47
뚜레쥬르 이천창전사거리,,경기도 이천시 이섭대천로 1284
뚜레쥬르 삼성창원병원,,경상남도 창원시 마산회원구 팔용로 158
뚜레쥬르 대전사학연금,,대전광역시 서구 한밭대로 809 (둔산동) 809 (둔산동)
뚜레쥬르 충남태안,,충청남도 태안군 태안읍 환동로 81-2
뚜레쥬르 수지구청역,,"경기도 용인시 수지구 수지로 296번 길 39, 1층 일부(풍덕천동)"
뚜레쥬르 광주하남중흥,,광주광역시 광산구 풍영철길로 20-6
뚜레쥬르 순천오천,,"전남 순천시 오천6길 6 105,106,107호"
뚜레쥬르 용상홈마트,,경상북도 안동시 경동로 822 (용상동)
뚜레쥬르 원주단관택지,,강원특별자치도 원주시 단구로 374
뚜레쥬르 제주노형타운,,제주특별자치도 제주시 노형6길 2
뚜레쥬르 충북혁신도시,,충청북도 음성군 맹동면 대하로 277
뚜레쥬르 전주고속터미널,,전북특별자치도 전주시 덕진구 전주천동로 470
뚜레쥬르 울산방어,,울산광역시 동구 화문로 51 (방어동)
뚜레쥬르 광명휴먼시아,,"경기도 광명시 하안로 112 101호 (소하동, 신촌프라자)"
뚜레쥬르 대전도안수목토,,대전광역시 서구 원도안로179번길 7-7 1층 (도안동)
뚜레쥬르 시흥대야로데오,,경기도 시흥시 비둘기공원7길 57(대야동)
뚜레쥬르 부산남천,,부산광역시 수영구 수영로 465(남천동)
뚜레쥬르 영등포도림,,서울 영등포구 도신로15길 38
뚜레쥬르 진주초장,,경상남도 진주시 초북로 50 (초전동)
뚜레쥬르 마산현동,,경상남도 창원시 마산합포구 현동로 50(현동)
뚜레쥬르 사천정동,,경상남도 사천시 진삼로 1398-0
뚜레쥬르 여수봉계,,"전라남도 여수시 좌수영로 682-19, 101호"
뚜레쥬르 둔촌대우,,서울특별시 강동구 명일로 166(둔촌동)
뚜레쥬르 경북성주,,경상북도 성주군 성주읍 성주로 3214
뚜레쥬르 경북울진,,경상북도 울진군 울진읍 울진중앙로 137
뚜레쥬르 부천심곡,,경기도 부천시 소사구 경인로 190
뚜레쥬르 연수단비,,인천광역시 용담로 118번길 3
뚜레쥬르 속초조양,,"강원특별자치도 속초시 온정로 25 (조양동,속초조양LH천년나무3단지아파트) 상가 101호,"
뚜레쥬르 김해삼정대로,,경상남도 김해시 김해대로 2517번길 1 (삼정동)
뚜레쥬르 창원경상대병원,,경상남도 창원시 성산구 삼정자로 11 (성주동)
뚜레쥬르 양주백석복지리,,경기도 양주시 꿈나무로 281
뚜레쥬르 전남완도,,전라남도 완도군 장보고대로 237
뚜레쥬르 용산2가,,서울특별시 용산구 신흥로 89-0 (용산동2가)
뚜레쥬르 서산테크노밸리,,충남 서산시 성연면 성연3로 35 이안아파트앞 테크노빌딩 102호
뚜레쥬르 마포밤섬,,"서울특별시 마포구 독막로20나길 22, 상가2동 B05호 (상수동, 래미안 밤섬리베뉴1)"
뚜레쥬르 울산언양읍성,,울산광역시 울주군 읍성로 165
뚜레쥬르 대구용산,,대구광역시 달서구 용산로 225 106호 (용산동)
뚜레쥬르 광주흑석,,광주 광산구 풍영로 101번 안길 1-7
뚜레쥬르 안동풍산,,경상북도 안동시 풍산읍 풍산중앙길 89-1
뚜레쥬르 아산용화,,충남 아산시 온중로 21번지
뚜레쥬르 진주혁신LH,,경남 진주시 사들로 83
뚜레쥬르 주안역북부,,인천광역시 남구 염창로 55
뚜레쥬르 원주혁신,,강원특별자치도 원주시 혁신로 37-3
뚜레쥬르 김포한강신도시,,경기도 김포시 김포한강2로 222
뚜레쥬르 청주가경주공,,충청북도 청주시 흥덕구 가경로 16-2
뚜레쥬르 상동역,,경기도 부천시 길주로 77번길 61
뚜레쥬르 전주다농L마트,,전북특별자치도전주시 덕진구 시천로 96-14
뚜레쥬르 울산신정현대,,울산광역시 남구 대암로 50 (신정동)
뚜레쥬르 산격대우,,대구광역시 북구 동북로31길 30산격대우상가 201동 101호 (산격동)
뚜레쥬르 안산기쁨,,경기 안산시 상록구 후곡로 90
뚜레쥬르 오창산업단지,,"충청북도 청주시 청원구 주성1길 17, 1층"
뚜레쥬르 일산후곡마을,,경기도 고양시 일산서구 일산로 568
뚜레쥬르 김천신음,,경상북도 김천시 시청로 69 (신음동)
뚜레쥬르 평택법원,,경기도 평택시 비전2로 7 (동삭동) 1층 뚜레쥬르
뚜레쥬르 의정부용현,,경기도 의정부시 오목로 14 (용현동)
뚜레쥬르 안성죽산,,경기도 안성시 죽산면 구교동길 2 (죽산리) 뚜레쥬르
뚜레쥬르 전북대사대부고,,전북특별자치도 전주시 덕진구 조경단로 107-0 (금암동)
뚜레쥬르 대전목상,,대전시 대덕구 대덕대로 1470번길 52
뚜레쥬르 울산달동본점,,울산광역시 남구 번영로 107번길 6
뚜레쥬르 익산원광대,,전북특별자치도 익산시 무왕로 892 (신동) 뚜레쥬르
뚜레쥬르 서서울공원,,서울시 양천구 신월동 남부순환로 431
뚜레쥬르 수원동보신명,,"경기도 수원시 영통구 매영로310번길 87 (영통동,동보.신명아파트) 동보신명 아파트 상가"
뚜레쥬르 안산중앙역,,"경기도 안산시 단원구 중앙대로 918 (고잔동,중앙역)"
뚜레쥬르 분당효자촌,,"경기도 성남시 분당구 돌마로 478, 104호"
뚜레쥬르 화계사사거리,,서울특별시 강북구 덕릉로 37
뚜레쥬르 백석밀라트,,경기도 고양시 일산동구 중앙로 1005
뚜레쥬르 장유젤미마을,,"경남 김해시 번화1로 80번길 9, 다이아몬드빌딩 103호 107호"
뚜레쥬르 부개역북부,,인천광역시 부평구 부일로 87-0 (부개동)
뚜레쥬르 나은병원,,인천광역시 서구 원적로 29
뚜레쥬르 청주율량칸타빌,,충청북도 청주시 청원구 율량로 135
뚜레쥬르 울산천상제일,,울산광역시 울주군 범서읍 천상중앙길 100-1
뚜레쥬르 태백상장,,강원특별자치도 태백시 감천로 6 감천로 6
뚜레쥬르 제주서사라,,제주특별자치도 제주시 서사로 133
뚜레쥬르 나주대호,,전남 나주시 대호길 75
뚜레쥬르 의왕역,,경기도 의왕시 부곡중앙로 6-4 6-4
뚜레쥬르 구미봉곡중앙,,경상북도 구미시 봉곡북로 65 (봉곡동)
뚜레쥬르 공릉,,"서울특별시 노원구 동일로192길 77 (공릉동,동신아파트) 상가 1층 뚜레쥬르"
뚜레쥬르 어린이대공원역,,"서울시 광진구 광나루로 410 (화양동,케이씨씨 파크타운 1층 111호,106호)"
뚜레쥬르 세종센텀파크,,세종특별자치시 달빛로 77
뚜레쥬르 죽전에브리데이,,경기도 용인시 수지구 대지로 3번길
뚜레쥬르 나주빛가람,,전남 나주시 그린로 341 토담빌딩 104호
뚜레쥬르 신곡초교,,경기도 의정부시 능곡로 26(신곡동)
뚜레쥬르 울산반구강변,,울산광역시 중구 반구로 39(반구동)
뚜레쥬르 부천고강,,경기도 부천시 오정구 역곡로 479-0 1층 (고강동)
뚜레쥬르 김해국제공항,,"부산광역시 강서구 공항진입로 108 (대저2동, 국제선2층)"
뚜레쥬르 충남태안하나로마트,,충청남도 태안군 중앙로 170-0
뚜레쥬르 삼척교동,,강원특별자치도 삼척시 청석로 63-0 (교동)
뚜레쥬르 광주수완대방,,광주 광산구 임방울대로 216
뚜레쥬르 익산부송,,전북특별자치도 익산시 무왕로26 8-1
뚜레쥬르 화성조암,,경기도 화성시 조암남로 28
뚜레쥬르 안산상록수,,경기도 안산시 상록구 샘골로 190-0 101호 (본오동)
뚜레쥬르 문산당동,,경기도 파주시 방촌로 1626-0 희원프라자 1층 103호
뚜레쥬르 안성당왕,,"경기도 안성시 고수2로 24-0 102호202호 (당왕동, 태영아파트)"
뚜레쥬르 의정부회룡역,,경기도 의정부시 평화로 363-8 (호원동)
뚜레쥬르 부산반여,,부산광역시 해운대구 선수촌로 64-0 (반여동)
뚜레쥬르 포항양덕,,경북 포항시 북구 양덕로 44
뚜레쥬르 문경중앙,,경상북도 문경시 중앙로 160-1 (흥덕동)
뚜레쥬르 거창아림,,"경상남도 거창군 거창읍 거열로 98 (상림리,그린빌딩) 1층"
뚜레쥬르 의정부신곡풍림,,경기도 의정부시 추동로 95-0 (신곡동)
뚜레쥬르 제주남녕,,제주특별자치도 제주시 일주서로 7868-0 11 (연동)
뚜레쥬르 신방화마곡,,서울 강서구 마곡동 마곡엠밸리1단지상가1층103호
뚜레쥬르 양천캐슬,,"서울특별시 양천구 오목로5길 19-0 상가 102호 (신월동, 양천롯데캐슬)"
뚜레쥬르 청주수곡사거리,,"충청북도 청주시 흥덕구 수곡로 46-0 (수곡동, 세원청실아파트)"
뚜레쥬르 충북증평,,충청북도 증평군 중앙로 202-0
뚜레쥬르 대전둔산샘머리,,"대전광역시 서구 청사로 281 (둔산동,샘머리아파트2단지) 샘머리코아 110호"
뚜레쥬르 대구죽곡,,대구광역시 달성군 대실역북로 1길 9-0 MS프라자 106호
뚜레쥬르 청주지웰시티,,"충청북도 청주시 흥덕구 대농로 39 (복대동) (복대동,LK트리플렉스)"
뚜레쥬르 울산일산,,울산광역시 동구 등대로 12
뚜레쥬르 파주한빛마을,,"경기도 파주시 와석순환로 86 (야당동, 102, 103호)"
뚜레쥬르 길동신명,,서울특별시 강동구 명일로 263-1 (길동)
뚜레쥬르 아산트라팰리스,,충청남도 아산시 탕정면로 18-0 1층 101호
뚜레쥬르 부평중앙,,인천광역시 부평구 부흥로 283-0 (부평동)
뚜레쥬르 의정부호원가든,,경기도 의정부시 호동로 67-0 화성프라자호 107 (호원동)
뚜레쥬르 청주봉명아이파크,,충청북도 청주시 흥덕구 덕암로114번길 37-0 (봉명동)
뚜레쥬르 원주연세대,,강원특별자치도 원주시 연세대길 1-0 연세대길 1
뚜레쥬르 판교우림,,경기도 성남시 분당구 판교로255번길 20-0 9-22 (삼평동)
뚜레쥬르 청주성모병원,,충청북도 청주시 상당구 주성로 173-19 (주중동)
뚜레쥬르 마산합성터미널,,경상남도 창원시 마산회원구 3.15대로 745-0 (합성동)
뚜레쥬르 부산온병원,,부산광역시 부산진구 가야대로 721 (당감동)
뚜레쥬르 행신서정마을,,"경기도 고양시 덕양구 중앙로 438 (행신동,아름터프라자) 1층"
뚜레쥬르 선유도역,,"서울특별시 영등포구 양평로22길 4 (양평동4가, 양문빌딩)"
뚜레쥬르 거제아주덕산,,경상남도 거제시 아주로 100-11 (아주동)
뚜레쥬르 충북영동중앙,,충청북도 영동군 영동읍 중앙로 46
뚜레쥬르 상일세종,,서울특별시 강동구 상일로10길 36 104호 (상일동)
뚜레쥬르 군산수송오투,,전북특별자치도 군산시 축동로 49 (수송동)
뚜레쥬르 청주분평주공,,"충청북도 청주시 서원구 월평로 78 (분평동) 1층 뚜레쥬르(101호, 102호)"
뚜레쥬르 부평산곡,,"인천광역시 부평구 부영로189번길 51 118호 (산곡동, 오남프라자)"
뚜레쥬르 서울여대,,"서울특별시 노원구 화랑로 621 서울여대 50주년기념관 1층 106호 (공릉동, 서울여"
뚜레쥬르 마산진동,,경상남도 창원시 마산합포구 진동면 삼진의거대로 644-1
뚜레쥬르 도당북부,,경기도 부천시 삼작로 298 (도당동)
뚜레쥬르 청라센타시아,,인천광역시 서구 중봉대로612번길 16 청라센터시아 1층 (연희동)
뚜레쥬르 원주문막극동,,강원특별자치도 원주시 문막읍 건등로 67-1
뚜레쥬르 안산한대역,,경기도 안산시 상록구 광덕1로 370 (이동)
뚜레쥬르 분당미금,,"경기도 성남시 분당구 정자일로 25,대덕프라자103호(금곡동)"
뚜레쥬르 대전한밭대,,대전광역시 유성구 학하중앙로 15 (덕명동)
뚜레쥬르 이천SK하이닉스,,경기도 이천시 부발읍 경충대로 2096-4
뚜레쥬르 남양주오남신우,,경기도 남양주시 오남읍 진건오남로512번길 4 105 (동명프라자)
뚜레쥬르 수원원천,,경기도 수원시 영통구 매봉로 53 (매탄동)
뚜레쥬르 양산석산,,경상남도 양산시 동면 금오16길 6
뚜레쥬르 영월하송,,강원특별자치도 영월군 영월읍 하송로 115
뚜레쥬르 동두천송내,,"경기도 동두천시 중앙로 112 1 (지행동, 메인프라자)"
뚜레쥬르 보문역,,서울특별시 성북구 지봉로 184 1층 (보문동2가)
뚜레쥬르 논산계룡대,,충청남도 계룡시 엄사면 엄사중앙로 95
뚜레쥬르 원주봉화산,,강원특별자치도 원주시 백간공원길 22 (단계동)
뚜레쥬르 리버파크10단지,,서울특별시 강동구 고덕로97길 20 104호
뚜레쥬르 울산남목현대,,울산광역시 동구 동해안로 50 (동부동)
뚜레쥬르 대림우성,,서울특별시 영등포구 대림로 153 (대림동)
뚜레쥬르 안양범계역직영,,경기도 안양시 동안구 평촌대로217번길 45 뚜레쥬르 (호계동)
뚜레쥬르 파주교하중앙,,경기도 파주시 책향기로 423 423
뚜레쥬르 여수국동,,전라남도 여수시 신월로 677 (국동)
뚜레쥬르 마산교방,,경상남도 창원시 마산합포구 노산서18길 115 (교방동)
뚜레쥬르 옥동호반,,경상북도 안동시 옥서1길 63 (옥동)
뚜레쥬르 모현e편한세상,,"전북특별자치도 익산시 선화로10길 17-0 (모현동1가, e편한세상)"
뚜레쥬르 부산사상터미널,,부산광역시 사상구 사상로 204 (괘법동)
뚜레쥬르 경산진량보국,,경상북도 경산시 진량읍 다문로 58
뚜레쥬르 율하신도시,,"경상남도 김해시 율하3로 56, 103호(율하동, 태경프라자)"
뚜레쥬르 양주자이,,"경기도 양주시 삼숭로38번길 80 2112호 (삼숭동, 양주프라자)"
뚜레쥬르 의정부녹양,,경기도 의정부시 녹양로 59 1층 (녹양동)
뚜레쥬르 구로구청,,"서울특별시 구로구 가마산로 286 104호 (구로동, SR친오애주상복합아파트)"
뚜레쥬르 부산진역,,부산광역시 동구 중앙대로 373
뚜레쥬르 김제검산,,전북특별자치도 김제시 금성로 111 (검산동)
뚜레쥬르 진천성모병원,,충청북도 진천군 진천읍 중앙북로 33
뚜레쥬르 직산하나로마트,,충청남도 천안시 서북구 직산읍 직산로 31 직산농협하나로마트
뚜레쥬르 연산LG,,부산광역시 연제구 토곡로 29 (연산동)
뚜레쥬르 명지오션시티,,부산광역시 강서구 명지오션시티5로 12 (명지동)
뚜레쥬르 마두역,,경기도 고양시 일산동구 강석로 123 뉴삼창마트 A동 180 101 (마두동)
뚜레쥬르 대성디폴리스,,서울특별시 금천구 서부샛길 606 대성 디폴리스 110호 (가산동)
뚜레쥬르 여수여서,,전라남도 여수시 여서1로 75 (여서동)
뚜레쥬르 박촌역,,"인천광역시 계양구 장제로 1004 (박촌동,계양한양수자인) 1004"
뚜레쥬르 전주서신,,전북특별자치도 전주시 완산구 당산로 54 (서신동)
뚜레쥬르 한국복합물류,,경기도 군포시 번영로 82-0 (부곡동)
뚜레쥬르 온양역,,충청남도 아산시 온천대로 1504 (온천동)
뚜레쥬르 김해삼계,,경상남도 김해시 해반천로168번길 10 (삼계동)
뚜레쥬르 남양주청학,,경기도 남양주시 별내면 청학로68번길 13
뚜레쥬르 안성금산,,경기도 안성시 대학로 B동 110호 111호 (금산동)
뚜레쥬르 오산역,,경기도 오산시 역광장로 55
뚜레쥬르 의정부시청,,경기도 의정부시 범골로 109 (의정부동)
뚜레쥬르 명일역메가타운,,서울특별시 강동구 구천면로 424 (명일동)
뚜레쥬르 병점금강,,"경기도 화성시 병점2로 6 102동 103호 (병점동, 금강타운)"
뚜레쥬르 성수역,,서울특별시 성동구 성수이로 113-0 (성수동2가)
뚜레쥬르 원주상지대,,강원특별자치도 원주시 우산로 71 (우산동)
뚜레쥬르 청주사천,,충북 청주시 청원구 율봉로 43
뚜레쥬르 광주용봉,,광주광역시 북구 비엔날레로82번길 41 용봉아이파크제상가 108호 (용봉동)
뚜레쥬르 청량리미주,,서울특별시 동대문구 왕산로 225 (청량리동)
뚜레쥬르 원주중앙,,강원특별자치도 원주시 원일로 114 (중앙동)
뚜레쥬르 울진후포,,경상북도 울진군 후포면 후포삼율로 100
뚜레쥬르 대화역,,경기도 고양시 일산서구 강성로 263 (대화동)
뚜레쥬르 부산덕천로터리,,부산광역시 북구 백양대로 1204 외 1필지 (덕천동)
뚜레쥬르 부산대남교차로,,부산광역시 수영구 수영로 381 (남천동)
뚜레쥬르 충북괴산,,충청북도 괴산군 괴산읍 읍내로11길 3
뚜레쥬르 장유석봉,,경남 김해시 삼문동 30-8프리코아상가112호
뚜레쥬르 청원내수,,충청북도 청원군 내수읍 청암로 54
뚜레쥬르 가양프라자,,"서울특별시 강서구 허준로 198 102호 101 (가양동, 가양프라자)"
뚜레쥬르 대림3동,,서울특별시 영등포구 가마산로 352 (대림동)
뚜레쥬르 문경모전,,경상북도 문경시 당교로 261 (모전동)
뚜레쥬르 익산동산이마트,,전북특별자치도 익산시 서동로 31 제이파크상가 301동 103호 (인화동2가)
뚜레쥬르 부산동의의료원,,부산광역시 부산진구 양정로 62-0 부속동의의료원 (양정동)
뚜레쥬르 송천센트레빌,,"서울특별시 강북구 숭인로 39-0 (미아동, 송천센트레빌)"
뚜레쥬르 부평삼산,,인천광역시 부평구 체육관로 32 하이존 HI-ZONE 105호106호 (삼산동)
뚜레쥬르 신이문,,서울특별시 동대문구 이문로 206 (이문동)
뚜레쥬르 충주연수,,충청북도 충주시 번영대로 103 (연수동)
뚜레쥬르 화성남양,,"경기도 화성시 남양성지로 147 103호 (남양동, 아이리스프라자)"
뚜레쥬르 거제수월,,경상남도 거제시 수양로 451 (수월동)
뚜레쥬르 아리랑삼거리,,서울특별시 성북구 아리랑로 119 (정릉동)
뚜레쥬르 안산다농,,경기도 안산시 상록구 예술광장로 1 (월피동)
뚜레쥬르 상무치평,,"광주광역시 서구 상무중앙로 95 1층 107호 (치평동, 차스타워)"
뚜레쥬르 을지로3가역,,"서울특별시 중구 을지로 지하 131 309호 (을지로3가, 지하상가)"
뚜레쥬르 킨텍스2전시장,,"경기도 고양시 일산서구 한류월드로 408 (대화동, 킨텍스)"
뚜레쥬르 킨텍스1전시장,,"경기도 고양시 일산서구 한류월드로 408 (대화동, 킨텍스)"
뚜레쥬르 강남구청역,,"서울특별시 강남구 선릉로 664 1층 101 (삼성동, 건설빌딩)"
뚜레쥬르 시지고산,,"대구광역시 수성구 천을로 91 104동 501호 시301동 (시지동, 시지태왕아너스)"
뚜레쥬르 충북음성,,충청북도 음성군 음성읍 수정로 55
뚜레쥬르 거제상동,,경상남도 거제시 상동1길 15-3 (상동동)
뚜레쥬르 성서이곡,,대구광역시 달서구 계대동문로 98 1층 (이곡동)
뚜레쥬르 부산서면직영,,부산광역시 부산진구 중앙대로692번길 43 (부전동)
뚜레쥬르 전북고창,,전북특별자치도 고창군 고창읍 중앙로 184
뚜레쥬르 대전엑스포,,"대전광역시 유성구 엑스포로 488 1층 15-1호 (전민동, 엑스포코아)"
뚜레쥬르 대구동호,,대구광역시 동구 금강로 2 (동호동)
뚜레쥬르 음성공장,,충청북도 음성군 대소면 대소산단로 20 음성공장 (CJ푸드빌)
뚜레쥬르 인천용현,,인천광역시 남구 낙섬중로 36 (용현동)
뚜레쥬르 대방역,,서울특별시 동작구 알마타길 6 110호 (대방동)
뚜레쥬르 카페센티움,,"서울특별시 송파구 송파대로30길 16 111호 ,112호,113호 (가락동, 송파가락두산위브센"
뚜레쥬르 온수역남부,,서울특별시 구로구 경인로3길 58 (온수동)
뚜레쥬르 구로IT,,서울특별시 구로구 디지털로31길 19
뚜레쥬르 순천조례명성,,전라남도 순천시 신월큰길 31 (조례동)
뚜레쥬르 가능역,,경기도 의정부시 평화로 633-1 (의정부동)
뚜레쥬르 포천중앙,,경기도 포천시 중앙로 113 (신읍동)
뚜레쥬르 상주터미널,,경상북도 상주시 삼백로 82 (무양동)장원프라자 110호
뚜레쥬르 전주효자1가,,전북특별자치도 전주시 완산구 용머리로 158 (효자동1가)
뚜레쥬르 진주초전푸르지오,,경상남도 진주시 초장로14번길 4-2 (초전동)
뚜레쥬르 남한산성역,,경기도 성남시 중원구 산성대로 474 (금광동)
뚜레쥬르 구미상모,,경상북도 구미시 상사서로 33-2 (상모동)
뚜레쥬르 대전복수목화,,"대전광역시 서구 복수서로 50 (복수동,삼익목화아파트) 1층"
뚜레쥬르 정읍상동,,전북특별자치도 정읍시 상동중앙로 49 (상동)
뚜레쥬르 화곡시장,,서울특별시 강서구 화곡로 194-15 (화곡동)
뚜레쥬르 안양관악역,,경기도 안양시 만안구 경수대로1273번길 43 지상 1층 (석수동)
뚜레쥬르 등촌역,,서울특별시 강서구 등촌로 215 (등촌동)
뚜레쥬르 진주강남,,"경상남도 진주시 진주대로 895 ,5 (강남동)"
뚜레쥬르 포항구룡포,,경상북도 포항시 남구 구룡포읍 구룡포길 81-1
뚜레쥬르 양양,,강원특별자치도 양양군 양양읍 남문3길 11-2
뚜레쥬르 진주주약,,경상남도 진주시 진주대로816번길 3 102호 (주약동)
뚜레쥬르 만수3지구,,인천광역시 남동구 담방로 45
뚜레쥬르 여의서로,,"서울특별시 영등포구 여의서로 43 201호 (여의도동, 한서리버파크)"
뚜레쥬르 공릉2동,,서울특별시 노원구 공릉로38길 14 1층 (공릉동)
뚜레쥬르 가양,,서울특별시 강서구 허준로 23 한강타운상가 112 (가양동)
뚜레쥬르 오산누읍,,경기도 오산시 누읍로 22 (누읍동) 휴먼시아아파트 상가 1층 뚜레쥬르
뚜레쥬르 남양주진건,,"경기도 남양주시 진건읍 진건오남로 83,1층6호7호"
뚜레쥬르 마산호계,,경남 창원시 마산회원구 내서읍 호계리 67-2
뚜레쥬르 전남강진,,전라남도 강진군 강진읍 중앙로 102
뚜레쥬르 중계브라운,,"서울특별시 노원구 동일로203가길 29 1층 185호 186호 (중계동, 브라운스톤중계)"
뚜레쥬르 포항학천,,경상북도 포항시 북구 흥해읍 도음로 903
뚜레쥬르 동두천지행,,경기도 동두천시 지행로 106 (지행동)
뚜레쥬르 대전관평롯데,,대전광역시 유성구 관들1길 1 1층 (관평동)
뚜레쥬르 마포연남,,서울특별시 마포구 연남로 43 1층 (연남동)
뚜레쥬르 포항효자SK,,경상북도 포항시 남구 효성로 15 (효자동)
뚜레쥬르 부산장산역,,부산광역시 해운대구 해운대로 814 세종월드 121 120 (좌동)
뚜레쥬르 목4동,,"서울특별시 양천구 목동중앙로 67 상가 102호 (목동, 성원아파트)"
뚜레쥬르 천호시장,,"서울특별시 강동구 구천면로 250 1층 (천호동, 신성빌딩)"
뚜레쥬르 주문진,,강원특별자치도 강릉시 주문진읍 주문로 107
뚜레쥬르 원주태장,,강원특별자치도 원주시 현충로58번길 42 (태장동)
뚜레쥬르 경북봉화,,경상북도 봉화군 봉화읍 봉화로 1144
뚜레쥬르 순천용당,,"전라남도 순천시 삼산로 90 101호 (용당동, 혜민빌딩)"
뚜레쥬르 순천연향,,"전라남도 순천시 연향3로 33 1층 (연향동, 그린빌딩)"
뚜레쥬르 청주용암현대,,충청북도 청주시 상당구 월평로184번길 8 (용암동)
뚜레쥬르 광주송정,,경기도 광주시 경안천로 114 (송정동)
뚜레쥬르 여수미평,,전라남도 여수시 대학로 15 1층 (미평동)
뚜레쥬르 대구안지랑,,대구광역시 남구 대명로 128 (대명동)
뚜레쥬르 인천만수시장,,"인천광역시 남동구 만수로19번길 3 1층 (만수동, 동성빌딩)"
뚜레쥬르 화곡옛길,,서울특별시 강서구 까치산로 80 1층 (화곡동)
뚜레쥬르 삼산미래타운,,인천광역시 부평구 부평북로 448-0 로얄프라자 (삼산동)
뚜레쥬르 광주금호종원,,"광주광역시 서구 화개1로79번길 3 105 (금호동, 신화빌딩)"
뚜레쥬르 시흥사거리,,서울특별시 금천구 시흥대로 229 (시흥동)
뚜레쥬르 충남합덕,,충청남도 당진시 합덕읍 중동길 43-1
뚜레쥬르 강릉내곡,,강원특별자치도 강릉시 범일로 653 (내곡동)
뚜레쥬르 우이,,서울특별시 강북구 삼양로 621 (우이동)
뚜레쥬르 광주양벌리,,경기도 광주시 오포읍 양촌길 116-4
뚜레쥬르 부천대성,,"경기도 부천시 원미구 부천로90번길 8 1층 (원미동, 아송빌딩)"
뚜레쥬르 청주복대어울림,,충청북도 청주시 흥덕구 대신로73번길 1 (복대동)
뚜레쥬르 광주태전,,경기도 광주시 고불로 57 (장지동)
뚜레쥬르 울진북면,,경상북도 울진군 북면 울진북로 2102
뚜레쥬르 무악재,,서울특별시 서대문구 통일로 367-18 (홍제동)
뚜레쥬르 충남광천,,충청남도 홍성군 광천읍 홍남로 670
뚜레쥬르 역곡역남부,,"경기도 부천시 소사구 경인로 517 1층 (괴안동, 광장빌딩)"
뚜레쥬르 광주월계,,광주광역시 광산구 월계로 187 (월계동)
뚜레쥬르 청주금천장자,,충청북도 청주시 상당구 수영로 303-1 (용담동)
뚜레쥬르 진주상대,,경상남도 진주시 동진로 192 (상대동)
뚜레쥬르 대구칠곡,,"대구광역시 북구 학정로 421 105호 (동천동, 일도프라자)"
뚜레쥬르 대전한숲,,대전광역시 대덕구 계족로489번길 78 (중리동)
뚜레쥬르 김해어방,,경상남도 김해시 인제로 181 (어방동)
뚜레쥬르 강릉입암,,강원특별자치도 강릉시 성덕포남로 53 (입암동)
뚜레쥬르 인천원당,,"인천광역시 서구 고산후로95번길 인천광역시 서구 고산후로95번길 20,힘찬프라자(당하동)"
뚜레쥬르 신모라사거리,,부산광역시 사상구 백양대로 893 (모라동)
뚜레쥬르 대전대동오거리,,대전광역시 동구 동대전로 80-2 (대동)
뚜레쥬르 대전둔산법원,,"대전광역시 서구 둔산로137번길 44 소재 내 1층 103호 (둔산동, 서림빌딩)"
뚜레쥬르 산본롯데,,경기도 군포시 고산로539번길 11 롯데상가 101호 (산본동)
뚜레쥬르 청구성조,,대구광역시 수성구 국채보상로 846 청구성조타운상가 1층 (범어동)
뚜레쥬르 수원고색,,경기도 수원시 권선구 매송고색로 695 (고색동)
뚜레쥬르 종암노블레스,,"서울특별시 성북구 종암로 90 101 (종암동, 노블레스타워노인복지주택)"
뚜레쥬르 김해부원,,경상남도 김해시 가락로 22 (부원동)
뚜레쥬르 은평뉴타운,,"서울특별시 은평구 진관4로 37 (진관동,은평뉴타운상림마을) 1층 뚜레쥬르 은평뉴타운"
뚜레쥬르 이대역,,서울특별시 마포구 대흥로 194 (대흥동)
뚜레쥬르 부천중흥마을,,경기도 부천시 원미구 길주로 273 뚜레쥬르부천중흥마을 106 107 (중동)
뚜레쥬르 진영신도시,,경상남도 김해시 진영읍 장등로19번길 41 106 (유니온빌딩)
뚜레쥬르 천안성환,,충청남도 천안시 서북구 성환읍 성환12길 46
뚜레쥬르 경남고성,,경상남도 고성군 고성읍 동외로 175 102 (양강빌딩)
뚜레쥬르 울산삼산본점,,"울산광역시 남구 월평로 258 상가 1층 5호 (삼산동, 우성아파트)"
뚜레쥬르 송내동신,,경기도 부천시 소사구 성주로 70 (송내동)
뚜레쥬르 개봉역북부,,"서울특별시 구로구 경인로40길 41 102 (개봉동, 대덕빌딩)"
뚜레쥬르 안동옥동,,경상북도 안동시 경북대로 417 (옥동)
뚜레쥬르 금호역,,서울특별시 성동구 장터길 25 (금호동3가)
뚜레쥬르 번동,,"서울특별시 강북구 오현로 194 1층 1호 (번동, 덕수빌딩)"
뚜레쥬르 통영죽림,,경상남도 통영시 광도면 죽림1로 41-14 106동상가 103호 (한선파라타운)
뚜레쥬르 삼천포용강,,경상남도 사천시 주공로 34 (벌리동)
뚜레쥬르 신설동역,,"서울특별시 종로구 종로 413 1층 (숭인동, 동보빌딩)"
뚜레쥬르 경북의성,,경상북도 의성군 의성읍 중앙길 78-1 1층
뚜레쥬르 대전노은호반,,"대전광역시 유성구 지족로 355 1층 107호 (지족동, 월드프라자)"
뚜레쥬르 안양금정역,,경기도 군포시 군포로 747-1 (산본동)
뚜레쥬르 양구,,강원특별자치도 양구군 양구읍 중앙길 18
뚜레쥬르 화천2호,,강원특별자치도 화천군 화천읍 중앙로 20
뚜레쥬르 대전내동롯데,,"대전광역시 서구 신갈마로 46,롯데상가105,106호(내동)"
뚜레쥬르 부산대푸르지오,,"부산광역시 금정구 중앙대로 1617-12 (부곡동, 푸르지오)"
뚜레쥬르 신당역,,서울특별시 중구 퇴계로 404 (신당동)
뚜레쥬르 안산호수대림,,"경기도 안산시 단원구 광덕서로 44 1층 101호 (고잔동, 이노프라자)"
뚜레쥬르 원주문막,,강원특별자치도 원주시 문막읍 왕건로 52
뚜레쥬르 구의역,,서울특별시 광진구 아차산로 370 (자양동)
뚜레쥬르 여수도원,,전라남도 여수시 무선로 6 (학동)
뚜레쥬르 용인보라,,경기도 용인시 기흥구 한보라1로 56 (보라동)
뚜레쥬르 안동병원,,경상북도 안동시 앙실로 11 안동병원 (수상동)
뚜레쥬르 광주신창,,광주광역시 광산구 신창로131번길 10 남양휴튼상가 101호 (신창동)
뚜레쥬르 철산역,,경기도 광명시 오리로 857 (철산동)
뚜레쥬르 개봉역,,서울특별시 구로구 남부순환로97길 3 (개봉동)
뚜레쥬르 제천청전,,충청북도 제천시 내재로 242 1층 (청전동)
뚜레쥬르 안양수촌마을,,경기도 안양시 동안구 관평로305번길 41 1층 (관양동)
뚜레쥬르 오산대림,,"경기도 오산시 경기대로 155 104 (원동, 신한프라자)"
뚜레쥬르 방화역,,서울특별시 강서구 금낭화로 136 에어뷰상가 1층 (방화동)
뚜레쥬르 군산나운,,전북특별자치도 군산시 수송로 48 (나운동)
뚜레쥬르 성대율전,,경기도 수원시 장안구 율전로 105 103호 (율전동)
뚜레쥬르 천안월봉,,"충청남도 천안시 서북구 월봉4로 88-11,월봉대우아파트상가102호(쌍용동)"
뚜레쥬르 순천금당,,전라남도 순천시 대석길 31 (연향동)
뚜레쥬르 길음뉴타운,,"서울특별시 성북구 길음로13길 22 두산아상가 21호 20 (길음동, 길음뉴타운7단지두산위브"
뚜레쥬르 마포구청역,,서울특별시 마포구 월드컵로 163 1층 (망원동)
뚜레쥬르 충남금산,,충청남도 금산군 금산읍 비범로 19 1층 (중부프라자)
뚜레쥬르 청주용암세원,,"충청북도 청주시 상당구 월평로253번길 67 1동 상가 1층 123호 (용암동, 세원한아름아파트)"
뚜레쥬르 마산월영,,"경상남도 창원시 마산합포구 해안대로 11,이화월드프라자103,104호(해운동)"
뚜레쥬르 제주도남,,제주특별자치도 제주시 도남로 54 (도남동)
뚜레쥬르 안양대림대,,"경기도 안양시 만안구 태평로134번길 19,센타프라자(안양동)"
뚜레쥬르 발산,,"서울특별시 강서구 강서로 360 107호 (내발산동, 솔레드림빌딩)"
뚜레쥬르 강화,,인천광역시 강화군 강화읍 강화대로 412-1
뚜레쥬르 신내,,서울특별시 중랑구 봉화산로56길 51 우남푸르미아상가 (신내동)
뚜레쥬르 안양인덕원,,경기도 안양시 동안구 흥안대로456번길 56 (평촌동)
뚜레쥬르 대전태평,,대전광역시 중구 평촌로 111 단지상가 105 104 (태평동)
뚜레쥬르 부산용호2호,,"부산광역시 남구 용호로 144 (용호동,정효경치과) 뚜레쥬르"
뚜레쥬르 원주단구,,강원특별자치도 원주시 서원대로 402 (단구동)
뚜레쥬르 경남하동,,경상남도 하동군 하동읍 중앙로 20
뚜레쥬르 창원반림,,경상남도 창원시 성산구 반송로 177 현대상가 101-1호 (반림동)
뚜레쥬르 월곡두산,,서울특별시 성북구 오패산로 46 두산위브상가 131호
뚜레쥬르 진주호탄,,경상남도 진주시 가호로 41 (호탄동)
뚜레쥬르 경남남해,,경상남도 남해군 남해읍 화전로 68-1
뚜레쥬르 포항이동,,경상북도 포항시 남구 대이로 115
뚜레쥬르 창신,,서울특별시 종로구 지봉로 91-1 (창신동)
뚜레쥬르 수원권선,,경기도 수원시 권선구 권중로 99 (권선동)
뚜레쥬르 논산부영,,충청남도 논산시 시민로331번길 14 (강산동)
뚜레쥬르 경남옥포,,경상남도 거제시 옥포로 228 (옥포동)
뚜레쥬르 부천은하,,경기도 부천시 원미구 길주로 183 (중동)
뚜레쥬르 경남거창,,경상남도 거창군 거창읍 아림로 31
뚜레쥬르 성남태평,,경기도 성남시 수정구 제일로 165-1 (태평동)
뚜레쥬르 삼천포벌리,,경상남도 사천시 벌리로 2 (벌리동)
뚜레쥬르 충북금왕,,충청북도 음성군 금왕읍 금석로 86
뚜레쥬르 남가좌,,서울특별시 서대문구 가재울로 42 (남가좌동)
