매장,주소,지역
뚜레쥬르 전북고창,전라북도 고창군 고창읍 중앙로 184,전북
뚜레쥬르 군산디오션,전라북도 군산시 궁포3로 14 (조촌동) (뚜레쥬르 1층),전북
뚜레쥬르 군산나운,전라북도 군산시 수송로 48 (나운동),전북
뚜레쥬르 군산수송오투,전라북도 군산시 축동로 49 (수송동),전북
뚜레쥬르 군산산북,전라북도 군산시 칠성안2길 38 (산북동) 1층,전북
뚜레쥬르 군산터미널,"전라북도 군산시 해망로 25 (대명동,일미회관) 1층",전북
뚜레쥬르 김제검산,전라북도 김제시 금성로 111 (검산동),전북
뚜레쥬르 남원하나로마트,전라북도 남원시 동문로 94,전북
뚜레쥬르 전북부안,전라북도 부안군 부안읍 석정로 199 (동중리) 1층 뚜레쥬르,전북
뚜레쥬르 전북순창,전라북도 순창군 순창읍 경천1로 34,전북
뚜레쥬르 삼례농협하나로마트,"전라북도 완주군 삼례읍 삼봉중앙로 15 (수계리,완주군보훈회관) 1층",전북
뚜레쥬르 전북혁신도시,전라북도 완주군 이서면 출판로 46-5 (갈산리) 1층 뚜레쥬르,전북
뚜레쥬르 익산제일,"전라북도 익산시 고봉로32길 40 (영등동,조이미용실) 1층 뚜레쥬르",전북
뚜레쥬르 익산원광대,전라북도 익산시 무왕로 892 (신동) 뚜레쥬르,전북
뚜레쥬르 익산부송,전라북도 익산시 무왕로26 8-1,전북
뚜레쥬르 익산동산이마트,전라북도 익산시 서동로 31 제이파크상가 301동 103호 (인화동2가),전북
뚜레쥬르 모현e편한세상,"전라북도 익산시 선화로10길 17-0 (모현동1가, e편한세상)",전북
뚜레쥬르 전주하가,"전라북도 전주시 덕진구 가리내로 262 블루오션빌딩 102,103 뚜레쥬르 전주하가점",전북
뚜레쥬르 전주만성,전라북도 전주시 덕진구 만성중앙로 54-47 (만성동) 뚜레쥬르 전주만성점,전북
뚜레쥬르 전주인후,전라북도 전주시 덕진구 무삼지로 6 (인후동1가) 1층 뚜레쥬르,전북
뚜레쥬르 전주아중,전라북도 전주시 덕진구 석소로 58 (우아동2가) 뚜레쥬르,전북
뚜레쥬르 전주송천,전라북도 전주시 덕진구 솔내로 170-1 (송천동2가) 1층 뚜레쥬르,전북
뚜레쥬르 전주고속터미널,전라북도 전주시 덕진구 전주천동로 470,전북
뚜레쥬르 전북대사대부고,전라북도 전주시 덕진구 조경단로 107-0 (금암동),전북
뚜레쥬르 전주서신,전라북도 전주시 완산구 당산로 54 (서신동),전북
뚜레쥬르 예수병원,전라북도 전주시 완산구 서원로 365(중화산동1가) 서원로 365(중화산동1가),전북
뚜레쥬르 전주효자1가,전라북도 전주시 완산구 용머리로 158 (효자동1가),전북
뚜레쥬르 전북도청,"전라북도 전주시 완산구 홍산남로 60 (효자동2가) 1층 103호, 104호",전북
뚜레쥬르 전주신일강변,전라북도 전주시 완산구 효자천변1길 28-0 (효자동1가),전북
뚜레쥬르 정읍상동,전라북도 정읍시 상동중앙로 49 (상동),전북
뚜레쥬르 카페정읍수성,전라북도 정읍시 수성택지5길 24-8 (수성동) 1층,전북
뚜레쥬르 군산대,전라북도 군산시 미제3길 2,전북
뚜레쥬르 군산수송공원,전라북도 군산시 수송동로 79,전북
뚜레쥬르 전북익산영등,전라북도 익산시 고봉로30길 10 1층,전북
뚜레쥬르 익산장신휴먼시아,전라북도 익산시 오산면 군익로 411,전북
뚜레쥬르 전주다농L마트,전라북도 전주시 덕진구 시천로 96-14,전북
뚜레쥬르 전주서곡,전라북도 전주시 완산구 서곡로 55,전북